1,-27
2,-9
3,-6
4,-30
5,-27
6,-6
7,-26
8,-23
9,-29
10,-37
11,-6
12,-25
13,-25
14,-31
15,-6
16,-29
17,-29
18,-37
19,-29
20,-7
21,-37
22,-6
23,-6
24,-29
25,-31
26,-27
27,-25
28,-29
29,-6
30,-6
31,-27
32,-31
33,-23
34,-31
35,-31
36,-28
37,-29
38,-35
39,-29
40,-27
41,-26
42,-27
43,-22
44,-27
45,-27
46,-25
47,-27
48,-24
49,-9
50,-27
51,-24
52,-31
53,-25
54,-29
55,-28
56,-6
57,-23
58,-21
59,-28
60,-27
61,-30
62,-7
63,-7
64,-23
65,-35
66,-27
67,-30
68,-25
69,-27
70,-37
71,-28
72,-7
73,-7
74,-28
75,-26
76,-9
77,-31
78,-25
79,-29
80,-25
81,-35
82,-6
83,-27
84,-6
85,-30
86,-25
87,-28
88,-35
89,-6
90,-25
91,-21
92,-25
93,-27
94,-25
95,-24
96,-9
97,-30
98,-28
99,-27
100,-31
101,-31
102,-29
103,-25
104,-25
105,-21
106,-26
107,-37
108,-27
109,-27
110,-6
111,-34
112,-37
113,-37
114,-31
115,-25
116,-35
117,-26
118,-26
119,-7
120,-27
121,-26
122,-26
123,-23
124,-30
125,-37
126,-21
127,-26
128,-24
129,-21
130,-35
131,-29
132,-35
133,-27
134,-30
135,-25
136,-25
137,-25
138,-26
139,-26
140,-31
141,-6
142,-6
143,-21
144,-35
145,-30
146,-6
147,-27
148,-28
149,-30
150,-29
151,-30
152,-25
153,-31
154,-30
155,-9
156,-26
157,-31
158,-26
159,-31
160,-30
161,-9
162,-25
163,-26
164,-21
165,-21
166,-31
167,-25
168,-27
169,-29
170,-31
171,-22
172,-21
173,-35
174,-31
175,-35
176,-30
177,-31
178,-27
179,-29
180,-35
181,-25
182,-26
183,-6
184,-26
185,-31
186,-25
187,-29
188,-23
189,-30
190,-23
191,-25
192,-9
193,-22
194,-9
195,-21
196,-28
197,-37
198,-23
199,-31
200,-27
201,-31
202,-22
203,-26
204,-27
205,-29
206,-29
207,-31
208,-23
209,-21
210,-25
211,-23
212,-28
213,-27
214,-28
215,-27
216,-26
217,-35
218,-6
219,-25
220,-25
221,-31
222,-24
223,-6
224,-37
225,-23
226,-6
227,-26
228,-35
229,-21
230,-24
231,-30
232,-6
233,-31
234,-37
235,-27
236,-27
237,-31
238,-31
239,-30
240,-27
241,-29
242,-23
243,-23
244,-35
245,-31
246,-24
247,-29
248,-27
249,-37
250,-24
251,-25
252,-33
253,-9
254,-31
255,-25
256,-29
257,-23
258,-26
259,-6
260,-29
261,-29
262,-6
263,-24
264,-29
265,-23
266,-7
267,-26
268,-27
269,-37
270,-29
271,-25
272,-31
273,-35
274,-37
275,-31
276,-23
277,-30
278,-24
279,-9
280,-35
281,-22
282,-31
283,-21
284,-37
285,-23
286,-37
287,-26
288,-31
289,-22
290,-31
291,-6
292,-26
293,-31
294,-9
295,-9
296,-33
297,-26
298,-22
299,-27
300,-25
301,-28
302,-7
303,-32
304,-25
305,-37
306,-6
307,-25
308,-25
309,-21
310,-6
311,-29
312,-23
313,-31
314,-6
315,-28
316,-6
317,-30
318,-25
319,-27
320,-9
321,-37
322,-27
323,-25
324,-6
325,-7
326,-31
327,-31
328,-27
329,-35
330,-35
331,-26
332,-28
333,-24
334,-24
335,-7
336,-29
337,-30
338,-23
339,-6
340,-7
341,-6
342,-28
343,-30
344,-6
345,-26
346,-22
347,-27
348,-21
349,-29
350,-30
351,-7
352,-6
353,-31
354,-31
355,-25
356,-25
357,-25
358,-31
359,-25
360,-21
361,-27
362,-23
363,-35
364,-32
365,-37
366,-27
367,-35
368,-25
369,-23
370,-21
371,-31
372,-26
373,-31
374,-35
375,-27
376,-22
377,-7
378,-29
379,-29
380,-27
381,-27
382,-23
383,-31
384,-21
385,-7
386,-25
387,-23
388,-31
389,-37
390,-26
391,-28
392,-6
393,-21
394,-22
395,-28
396,-22
397,-25
398,-27
399,-26
400,-28
401,-37
402,-29
403,-6
404,-29
405,-29
406,-31
407,-27
408,-29
409,-31
410,-21
411,-27
412,-27
413,-26
414,-6
415,-6
416,-33
417,-25
418,-25
419,-24
420,-23
421,-35
422,-26
423,-6
424,-27
425,-32
426,-31
427,-23
428,-7
429,-25
430,-37
431,-28
432,-29
433,-27
434,-22
435,-9
436,-27
437,-37
438,-27
439,-27
440,-31
441,-23
442,-22
443,-25
444,-31
445,-23
446,-27
447,-31
448,-22
449,-9
450,-29
451,-24
452,-21
453,-30
454,-26
455,-30
456,-24
457,-31
458,-6
459,-35
460,-23
461,-21
462,-21
463,-25
464,-29
465,-37
466,-31
467,-25
468,-22
469,-25
470,-7
471,-24
472,-24
473,-32
474,-9
475,-27
476,-25
477,-28
478,-26
479,-24
480,-31
481,-37
482,-30
483,-26
484,-29
485,-25
486,-25
487,-27
488,-27
489,-22
490,-29
491,-25
492,-30
493,-26
494,-31
495,-35
496,-25
497,-29
498,-27
499,-25
500,-25
501,-22
502,-6
503,-35
504,-26
505,-7
506,-31
507,-22
508,-26
509,-25
510,-25
511,-29
512,-21
513,-6
514,-21
515,-21
516,-31
517,-31
518,-7
519,-31
520,-31
521,-23
522,-23
523,-21
524,-25
525,-28
526,-29
527,-23
528,-33
529,-31
530,-6
531,-26
532,-25
533,-26
534,-29
535,-27
536,-24
537,-25
538,-29
539,-26
540,-35
541,-25
542,-29
543,-7
544,-29
545,-29
546,-27
547,-34
548,-29
549,-23
550,-29
551,-25
552,-25
553,-25
554,-29
555,-32
556,-37
557,-6
558,-27
559,-9
560,-29
561,-6
562,-21
563,-24
564,-27
565,-21
566,-7
567,-23
568,-24
569,-30
570,-7
571,-26
572,-29
573,-35
574,-27
575,-31
576,-35
577,-27
578,-29
579,-29
580,-29
581,-33
582,-21
583,-27
584,-23
585,-27
586,-24
587,-25
588,-6
589,-23
590,-27
591,-21
592,-24
593,-30
594,-25
595,-23
596,-30
597,-24
598,-24
599,-25
600,-28
601,-23
602,-29
603,-26
604,-24
605,-31
606,-23
607,-27
608,-25
609,-9
610,-27
611,-30
612,-29
613,-25
614,-25
615,-31
616,-25
617,-26
618,-35
619,-35
620,-25
621,-27
622,-30
623,-25
624,-31
625,-29
626,-25
627,-29
628,-32
629,-29
630,-30
631,-37
632,-27
633,-7
634,-6
635,-26
636,-29
637,-29
638,-37
639,-27
640,-29
641,-22
642,-25
643,-28
644,-30
645,-7
646,-27
647,-27
648,-27
649,-25
650,-6
651,-28
652,-23
653,-25
654,-27
655,-29
656,-25
657,-31
658,-29
659,-25
660,-30
661,-22
662,-7
663,-31
664,-26
665,-26
666,-7
667,-6
668,-6
669,-25
670,-29
671,-24
672,-23
673,-27
674,-25
675,-29
676,-28
677,-23
678,-30
679,-21
680,-25
681,-21
682,-21
683,-26
684,-26
685,-6
686,-22
687,-25
688,-27
689,-28
690,-29
691,-27
692,-27
693,-25
694,-27
695,-9
696,-7
697,-27
698,-27
699,-31
700,-23
701,-25
702,-30
703,-21
704,-24
705,-23
706,-24
707,-24
708,-37
709,-21
710,-6
711,-29
712,-21
713,-27
714,-27
715,-30
716,-29
717,-31
718,-30
719,-37
720,-30
721,-27
722,-29
723,-29
724,-27
725,-25
726,-31
727,-27
728,-27
729,-26
730,-31
731,-6
732,-30
733,-25
734,-27
735,-35
736,-27
737,-6
738,-35
739,-29
740,-22
741,-27
742,-24
743,-29
744,-23
745,-25
746,-26
747,-31
748,-25
749,-6
750,-29
751,-31
752,-35
753,-31
754,-25
755,-30
756,-25
757,-25
758,-29
759,-30
760,-23
761,-31
762,-31
763,-27
764,-23
765,-24
766,-30
767,-31
768,-25
769,-33
770,-25
771,-25
772,-37
773,-27
774,-28
775,-24
776,-32
777,-31
778,-25
779,-23
780,-29
781,-37
782,-29
783,-26
784,-21
785,-24
786,-27
787,-27
788,-29
789,-23
790,-31
791,-29
792,-30
793,-25
794,-35
795,-27
796,-29
797,-23
798,-21
799,-27
800,-30
801,-31
802,-27
803,-30
804,-29
805,-24
806,-26
807,-29
808,-27
809,-25
810,-25
811,-29
812,-25
813,-25
814,-21
815,-30
816,-27
817,-34
818,-25
819,-30
820,-29
821,-23
822,-31
823,-23
824,-29
825,-24
826,-37
827,-33
828,-27
829,-26
830,-6
831,-34
832,-25
833,-23
834,-30
835,-24
836,-29
837,-27
838,-35
839,-21
840,-31
841,-24
842,-7
843,-31
844,-27
845,-7
846,-23
847,-37
848,-26
849,-9
850,-27
851,-31
852,-25
853,-29
854,-31
855,-21
856,-35
857,-23
858,-27
859,-35
860,-22
861,-29
862,-7
863,-31
864,-28
865,-27
866,-30
867,-29
868,-35
869,-27
870,-25
871,-31
872,-6
873,-9
874,-29
875,-6
876,-24
877,-27
878,-28
879,-21
880,-26
881,-23
882,-25
883,-25
884,-29
885,-7
886,-27
887,-25
888,-27
889,-24
890,-37
891,-29
892,-25
893,-9
894,-31
895,-27
896,-30
897,-29
898,-21
899,-22
900,-27
901,-37
902,-35
903,-21
904,-27
905,-29
906,-23
907,-25
908,-31
909,-27
910,-29
911,-29
912,-34
913,-27
914,-30
915,-27
916,-30
917,-31
918,-25
919,-27
920,-25
921,-22
922,-6
923,-31
924,-23
925,-21
926,-29
927,-31
928,-25
929,-25
930,-23
931,-25
932,-24
933,-6
934,-37
935,-29
936,-31
937,-25
938,-23
939,-25
940,-6
941,-29
942,-29
943,-27
944,-25
945,-27
946,-37
947,-27
948,-29
949,-25
950,-26
951,-29
952,-22
953,-35
954,-25
955,-29
956,-29
957,-31
958,-26
959,-32
960,-35
961,-25
962,-9
963,-22
964,-30
965,-27
966,-7
967,-30
968,-37
969,-34
970,-25
971,-24
972,-26
973,-35
974,-28
975,-35
976,-25
977,-21
978,-21
979,-25
980,-29
981,-26
982,-25
983,-27
984,-29
985,-25
986,-26
987,-23
988,-25
989,-29
990,-35
991,-25
992,-37
993,-29
994,-29
995,-30
996,-29
997,-25
998,-25
999,-7
1000,-21
1001,-37
1002,-27
1003,-37
1004,-21
1005,-30
1006,-24
1007,-27
1008,-37
1009,-9
1010,-23
1011,-37
1012,-35
1013,-6
1014,-23
1015,-22
1016,-26
1017,-6
1018,-30
1019,-21
1020,-35
1021,-29
1022,-23
1023,-30
1024,-22
1025,-29
1026,-27
1027,-29
1028,-30
1029,-27
1030,-35
1031,-24
1032,-34
1033,-22
1034,-35
1035,-37
1036,-22
1037,-27
1038,-27
1039,-21
1040,-23
1041,-25
1042,-26
1043,-31
1044,-24
1045,-37
1046,-22
1047,-6
1048,-35
1049,-25
1050,-26
1051,-29
1052,-22
1053,-27
1054,-23
1055,-27
1056,-25
1057,-32
1058,-24
1059,-31
1060,-23
1061,-23
1062,-9
1063,-27
1064,-27
1065,-24
1066,-30
1067,-25
1068,-25
1069,-26
1070,-30
1071,-25
1072,-35
1073,-37
1074,-34
1075,-23
1076,-27
1077,-25
1078,-30
1079,-27
1080,-31
1081,-26
1082,-30
1083,-25
1084,-32
1085,-25
1086,-27
1087,-29
1088,-25
1089,-35
1090,-27
1091,-7
1092,-6
1093,-24
1094,-31
1095,-35
1096,-31
1097,-34
1098,-21
1099,-9
1100,-29
1101,-27
1102,-29
1103,-28
1104,-25
1105,-25
1106,-25
1107,-21
1108,-7
1109,-25
1110,-24
1111,-27
1112,-21
1113,-9
1114,-25
1115,-31
1116,-27
1117,-26
1118,-22
1119,-27
1120,-29
1121,-30
1122,-21
1123,-35
1124,-26
1125,-31
1126,-29
1127,-29
1128,-35
1129,-27
1130,-25
1131,-26
1132,-27
1133,-27
1134,-37
1135,-23
1136,-27
1137,-29
1138,-27
1139,-26
1140,-28
1141,-25
1142,-26
1143,-29
1144,-25
1145,-25
1146,-33
1147,-30
1148,-31
1149,-34
1150,-6
1151,-35
1152,-27
1153,-7
1154,-27
1155,-23
1156,-30
1157,-27
1158,-25
1159,-9
1160,-25
1161,-37
1162,-6
1163,-25
1164,-21
1165,-35
1166,-23
1167,-28
1168,-6
1169,-24
1170,-34
1171,-25
1172,-29
1173,-30
1174,-30
1175,-28
1176,-24
1177,-31
1178,-27
1179,-21
1180,-23
1181,-33
1182,-27
1183,-29
1184,-25
1185,-27
1186,-27
1187,-25
1188,-31
1189,-31
1190,-33
1191,-27
1192,-27
1193,-29
1194,-26
1195,-27
1196,-26
1197,-31
1198,-29
1199,-26
1200,-31
1201,-26
1202,-35
1203,-27
1204,-23
1205,-25
1206,-25
1207,-29
1208,-25
1209,-27
1210,-31
1211,-29
1212,-29
1213,-33
1214,-27
1215,-25
1216,-7
1217,-29
1218,-24
1219,-24
1220,-32
1221,-37
1222,-25
1223,-37
1224,-28
1225,-30
1226,-29
1227,-27
1228,-31
1229,-9
1230,-25
1231,-30
1232,-37
1233,-30
1234,-25
1235,-35
1236,-35
1237,-31
1238,-25
1239,-33
1240,-30
1241,-7
1242,-31
1243,-37
1244,-27
1245,-26
1246,-31
1247,-37
1248,-30
1249,-27
1250,-29
1251,-25
1252,-23
1253,-21
1254,-21
1255,-6
1256,-23
1257,-23
1258,-21
1259,-21
1260,-25
1261,-25
1262,-9
1263,-6
1264,-27
1265,-31
1266,-30
1267,-31
1268,-22
1269,-27
1270,-30
1271,-29
1272,-21
1273,-31
1274,-25
1275,-7
1276,-22
1277,-23
1278,-24
1279,-24
1280,-27
1281,-27
1282,-31
1283,-35
1284,-30
1285,-23
1286,-27
1287,-30
1288,-31
1289,-6
1290,-25
1291,-35
1292,-6
1293,-35
1294,-26
1295,-31
1296,-7
1297,-29
1298,-37
1299,-7
1300,-27
1301,-29
1302,-35
1303,-33
1304,-27
1305,-7
1306,-35
1307,-30
1308,-35
1309,-31
1310,-27
1311,-7
1312,-21
1313,-23
1314,-37
1315,-35
1316,-27
1317,-25
1318,-23
1319,-23
1320,-24
1321,-25
1322,-23
1323,-27
1324,-25
1325,-25
1326,-31
1327,-35
1328,-6
1329,-28
1330,-24
1331,-31
1332,-27
1333,-25
1334,-29
1335,-23
1336,-23
1337,-27
1338,-27
1339,-29
1340,-29
1341,-37
1342,-26
1343,-6
1344,-31
1345,-37
1346,-27
1347,-25
1348,-25
1349,-37
1350,-23
1351,-27
1352,-29
1353,-27
1354,-27
1355,-35
1356,-26
1357,-31
1358,-23
1359,-29
1360,-29
1361,-27
1362,-21
1363,-29
1364,-25
1365,-27
1366,-25
1367,-29
1368,-23
1369,-27
1370,-21
1371,-29
1372,-34
1373,-23
1374,-25
1375,-7
1376,-22
1377,-27
1378,-27
1379,-31
1380,-25
1381,-26
1382,-21
1383,-25
1384,-31
1385,-25
1386,-22
1387,-25
1388,-29
1389,-6
1390,-25
1391,-25
1392,-7
1393,-25
1394,-24
1395,-27
1396,-23
1397,-26
1398,-31
1399,-27
1400,-31
1401,-27
1402,-29
1403,-24
1404,-30
1405,-23
1406,-33
1407,-27
1408,-30
1409,-27
1410,-28
1411,-23
1412,-28
1413,-30
1414,-25
1415,-25
1416,-33
1417,-27
1418,-6
1419,-29
1420,-23
1421,-7
1422,-35
1423,-30
1424,-22
1425,-7
1426,-25
1427,-29
1428,-24
1429,-25
1430,-25
1431,-6
1432,-31
1433,-29
1434,-37
1435,-27
1436,-23
1437,-9
1438,-25
1439,-27
1440,-27
1441,-27
1442,-30
1443,-28
1444,-25
1445,-29
1446,-6
1447,-29
1448,-34
1449,-21
1450,-27
1451,-21
1452,-29
1453,-29
1454,-26
1455,-30
1456,-35
1457,-30
1458,-24
1459,-29
1460,-25
1461,-7
1462,-27
1463,-27
1464,-25
1465,-30
1466,-27
1467,-31
1468,-7
1469,-24
1470,-37
1471,-29
1472,-23
1473,-21
1474,-23
1475,-26
1476,-35
1477,-9
1478,-23
1479,-27
1480,-21
1481,-22
1482,-29
1483,-31
1484,-34
1485,-27
1486,-27
1487,-23
1488,-25
1489,-27
1490,-35
1491,-26
1492,-27
1493,-23
1494,-35
1495,-28
1496,-27
1497,-31
1498,-27
1499,-9
1500,-27
1501,-29
1502,-22
1503,-23
1504,-24
1505,-31
1506,-29
1507,-25
1508,-27
1509,-24
1510,-22
1511,-22
1512,-27
1513,-33
1514,-6
1515,-23
1516,-27
1517,-25
1518,-27
1519,-31
1520,-23
1521,-35
1522,-35
1523,-22
1524,-27
1525,-31
1526,-21
1527,-24
1528,-22
1529,-6
1530,-25
1531,-28
1532,-25
1533,-33
1534,-25
1535,-26
1536,-35
1537,-31
1538,-25
1539,-24
1540,-37
1541,-9
1542,-31
1543,-27
1544,-30
1545,-6
1546,-31
1547,-27
1548,-30
1549,-31
1550,-25
1551,-25
1552,-6
1553,-25
1554,-27
1555,-23
1556,-25
1557,-27
1558,-24
1559,-25
1560,-31
1561,-22
1562,-37
1563,-9
1564,-33
1565,-23
1566,-27
1567,-24
1568,-23
1569,-22
1570,-25
1571,-22
1572,-25
1573,-35
1574,-29
1575,-25
1576,-37
1577,-28
1578,-25
1579,-25
1580,-29
1581,-25
1582,-25
1583,-29
1584,-25
1585,-37
1586,-25
1587,-21
1588,-22
1589,-23
1590,-26
1591,-25
1592,-6
1593,-25
1594,-25
1595,-25
1596,-27
1597,-25
1598,-31
1599,-27
1600,-31
1601,-27
1602,-29
1603,-24
1604,-22
1605,-30
1606,-21
1607,-25
1608,-30
1609,-26
1610,-27
1611,-25
1612,-32
1613,-25
1614,-27
1615,-30
1616,-24
1617,-24
1618,-25
1619,-37
1620,-31
1621,-6
1622,-23
1623,-22
1624,-27
1625,-37
1626,-37
1627,-30
1628,-23
1629,-23
1630,-21
1631,-27
1632,-30
1633,-23
1634,-29
1635,-29
1636,-30
1637,-29
1638,-27
1639,-25
1640,-21
1641,-23
1642,-24
1643,-29
1644,-24
1645,-30
1646,-32
1647,-27
1648,-22
1649,-29
1650,-24
1651,-25
1652,-33
1653,-35
1654,-7
1655,-27
1656,-22
1657,-9
1658,-25
1659,-25
1660,-27
1661,-26
1662,-27
1663,-25
1664,-37
1665,-7
1666,-24
1667,-29
1668,-29
1669,-7
1670,-24
1671,-37
1672,-23
1673,-7
1674,-6
1675,-32
1676,-35
1677,-27
1678,-31
1679,-27
1680,-35
1681,-25
1682,-23
1683,-29
1684,-23
1685,-29
1686,-22
1687,-27
1688,-31
1689,-25
1690,-24
1691,-24
1692,-25
1693,-33
1694,-27
1695,-31
1696,-28
1697,-9
1698,-27
1699,-29
1700,-23
1701,-25
1702,-9
1703,-37
1704,-29
1705,-29
1706,-26
1707,-9
1708,-31
1709,-25
1710,-27
1711,-25
1712,-23
1713,-27
1714,-23
1715,-29
1716,-6
1717,-25
1718,-25
1719,-31
1720,-30
1721,-9
1722,-31
1723,-26
1724,-21
1725,-23
1726,-26
1727,-27
1728,-27
1729,-7
1730,-23
1731,-21
1732,-23
1733,-22
1734,-24
1735,-27
1736,-37
1737,-24
1738,-27
1739,-31
1740,-23
1741,-30
1742,-27
1743,-29
1744,-29
1745,-25
1746,-29
1747,-25
1748,-35
1749,-35
1750,-28
1751,-27
1752,-30
1753,-27
1754,-29
1755,-25
1756,-35
1757,-29
1758,-24
1759,-30
1760,-24
1761,-23
1762,-25
1763,-27
1764,-27
1765,-6
1766,-25
1767,-30
1768,-24
1769,-24
1770,-25
1771,-6
1772,-28
1773,-24
1774,-29
1775,-30
1776,-29
1777,-27
1778,-25
1779,-21
1780,-31
1781,-30
1782,-27
1783,-27
1784,-35
1785,-27
1786,-31
1787,-27
1788,-25
1789,-22
1790,-25
1791,-9
1792,-37
1793,-21
1794,-37
1795,-9
1796,-30
1797,-27
1798,-27
1799,-25
1800,-25
1801,-25
1802,-9
1803,-35
1804,-25
1805,-29
1806,-29
1807,-23
1808,-27
1809,-31
1810,-26
1811,-29
1812,-6
1813,-27
1814,-27
1815,-23
1816,-27
1817,-24
1818,-31
1819,-35
1820,-31
1821,-29
1822,-30
1823,-37
1824,-24
1825,-31
1826,-27
1827,-34
1828,-29
1829,-37
1830,-6
1831,-22
1832,-25
1833,-33
1834,-25
1835,-22
1836,-26
1837,-25
1838,-25
1839,-23
1840,-21
1841,-25
1842,-27
1843,-25
1844,-25
1845,-33
1846,-26
1847,-9
1848,-23
1849,-30
1850,-27
1851,-35
1852,-30
1853,-31
1854,-9
1855,-23
1856,-26
1857,-37
1858,-22
1859,-35
1860,-31
1861,-32
1862,-23
1863,-6
1864,-24
1865,-22
1866,-25
1867,-25
1868,-37
1869,-25
1870,-32
1871,-27
1872,-27
1873,-23
1874,-25
1875,-25
1876,-21
1877,-22
1878,-24
1879,-29
1880,-27
1881,-30
1882,-23
1883,-30
1884,-23
1885,-21
1886,-24
1887,-23
1888,-33
1889,-29
1890,-31
1891,-22
1892,-30
1893,-31
1894,-22
1895,-25
1896,-23
1897,-24
1898,-33
1899,-23
1900,-22
1901,-9
1902,-27
1903,-21
1904,-25
1905,-22
1906,-31
1907,-37
1908,-23
1909,-27
1910,-34
1911,-25
1912,-27
1913,-22
1914,-27
1915,-30
1916,-25
1917,-23
1918,-31
1919,-25
1920,-30
1921,-23
1922,-23
1923,-23
1924,-25
1925,-30
1926,-25
1927,-27
1928,-25
1929,-30
1930,-27
1931,-25
1932,-25
1933,-29
1934,-37
1935,-35
1936,-21
1937,-29
1938,-24
1939,-25
1940,-25
1941,-25
1942,-31
1943,-23
1944,-24
1945,-7
1946,-21
1947,-30
1948,-23
1949,-25
1950,-30
1951,-35
1952,-9
1953,-29
1954,-37
1955,-23
1956,-25
1957,-25
1958,-29
1959,-22
1960,-21
1961,-31
1962,-25
1963,-24
1964,-22
1965,-23
1966,-31
1967,-22
1968,-23
1969,-29
1970,-23
1971,-37
1972,-30
1973,-27
1974,-31
1975,-21
1976,-22
1977,-22
1978,-25
1979,-29
1980,-27
1981,-30
1982,-27
1983,-7
1984,-25
1985,-23
1986,-34
1987,-29
1988,-35
1989,-29
1990,-25
1991,-31
1992,-25
1993,-29
1994,-23
1995,-22
1996,-25
1997,-23
1998,-29
1999,-23
2000,-27
2001,-23
2002,-29
2003,-26
2004,-25
2005,-29
2006,-21
2007,-29
2008,-21
2009,-22
2010,-23
2011,-31
2012,-23
2013,-25
2014,-21
2015,-27
2016,-21
2017,-21
2018,-27
2019,-25
2020,-22
2021,-33
2022,-26
2023,-27
2024,-31
2025,-30
2026,-27
2027,-29
2028,-26
2029,-25
2030,-7
2031,-23
2032,-22
2033,-27
2034,-24
2035,-29
2036,-29
2037,-31
2038,-25
2039,-27
2040,-37
2041,-35
2042,-31
2043,-26
2044,-27
2045,-31
2046,-22
2047,-27
2048,-25
2049,-29
2050,-23
2051,-30
2052,-25
2053,-35
2054,-27
2055,-25
2056,-21
2057,-25
2058,-27
2059,-22
2060,-26
2061,-32
2062,-25
2063,-24
2064,-29
2065,-27
2066,-30
2067,-25
2068,-24
2069,-30
2070,-29
2071,-21
2072,-33
2073,-22
2074,-25
2075,-26
2076,-26
2077,-23
2078,-31
2079,-24
2080,-25
2081,-23
2082,-23
2083,-24
2084,-25
2085,-23
2086,-35
2087,-25
2088,-24
2089,-22
2090,-25
2091,-25
2092,-28
2093,-34
2094,-23
2095,-22
2096,-30
2097,-6
2098,-25
2099,-27
2100,-27
2101,-31
2102,-27
2103,-29
2104,-32
2105,-33
2106,-23
2107,-30
2108,-29
2109,-23
2110,-22
2111,-30
2112,-26
2113,-31
2114,-6
2115,-27
2116,-23
2117,-23
2118,-31
2119,-25
2120,-30
2121,-29
2122,-24
2123,-30
2124,-23
2125,-25
2126,-25
2127,-31
2128,-27
2129,-25
2130,-24
2131,-25
2132,-25
2133,-27
2134,-31
2135,-21
2136,-27
2137,-6
2138,-35
2139,-6
2140,-29
2141,-21
2142,-27
2143,-35
2144,-30
2145,-31
2146,-27
2147,-31
2148,-21
2149,-9
2150,-27
2151,-30
2152,-6
2153,-22
2154,-26
2155,-31
2156,-22
2157,-31
2158,-9
2159,-22
2160,-29
2161,-21
2162,-22
2163,-23
2164,-27
2165,-21
2166,-21
2167,-25
2168,-25
2169,-27
2170,-29
2171,-29
2172,-30
2173,-22
2174,-29
2175,-23
2176,-37
2177,-27
2178,-24
2179,-24
2180,-25
2181,-25
2182,-31
2183,-21
2184,-23
2185,-29
2186,-25
2187,-25
2188,-23
2189,-6
2190,-30
2191,-26
2192,-25
2193,-35
2194,-37
2195,-26
2196,-25
2197,-31
2198,-25
2199,-25
2200,-23
2201,-24
2202,-7
2203,-25
2204,-35
2205,-25
2206,-23
2207,-23
2208,-25
2209,-28
2210,-7
2211,-22
2212,-25
2213,-29
2214,-22
2215,-30
2216,-23
2217,-6
2218,-29
2219,-23
2220,-30
2221,-29
2222,-23
2223,-24
2224,-29
2225,-21
2226,-25
2227,-24
2228,-22
2229,-26
2230,-27
2231,-30
2232,-27
2233,-6
2234,-22
2235,-23
2236,-23
2237,-25
2238,-27
2239,-25
2240,-29
2241,-24
2242,-37
2243,-21
2244,-23
2245,-21
2246,-28
2247,-26
2248,-25
2249,-26
2250,-25
2251,-37
2252,-30
2253,-23
2254,-37
2255,-6
2256,-26
2257,-30
2258,-21
2259,-25
2260,-24
2261,-31
2262,-31
2263,-25
2264,-29
2265,-29
2266,-29
2267,-29
2268,-27
2269,-27
2270,-25
2271,-25
2272,-27
2273,-37
2274,-23
2275,-30
2276,-26
2277,-26
2278,-22
2279,-23
2280,-35
2281,-27
2282,-37
2283,-29
2284,-35
2285,-21
2286,-25
2287,-25
2288,-29
2289,-6
2290,-30
2291,-23
2292,-26
2293,-25
2294,-23
2295,-23
2296,-9
2297,-23
2298,-25
2299,-30
2300,-30
2301,-27
2302,-21
2303,-35
2304,-25
2305,-27
2306,-22
2307,-32
2308,-30
2309,-24
2310,-26
2311,-29
2312,-25
2313,-25
2314,-25
2315,-23
2316,-30
2317,-24
2318,-6
2319,-26
2320,-26
2321,-25
2322,-31
2323,-25
2324,-24
2325,-31
2326,-23
2327,-25
2328,-28
2329,-29
2330,-21
2331,-27
2332,-37
2333,-22
2334,-28
2335,-26
2336,-6
2337,-29
2338,-29
2339,-23
2340,-29
2341,-21
2342,-29
2343,-27
2344,-6
2345,-29
2346,-23
2347,-6
2348,-25
2349,-24
2350,-24
2351,-22
2352,-26
2353,-30
2354,-27
2355,-27
2356,-29
2357,-24
2358,-35
2359,-25
2360,-27
2361,-25
2362,-31
2363,-24
2364,-23
2365,-30
2366,-27
2367,-22
2368,-35
2369,-25
2370,-30
2371,-25
2372,-23
2373,-25
2374,-25
2375,-21
2376,-21
2377,-30
2378,-25
2379,-25
2380,-25
2381,-30
2382,-29
2383,-35
2384,-25
2385,-29
2386,-31
2387,-30
2388,-27
2389,-25
2390,-25
2391,-7
2392,-6
2393,-28
2394,-30
2395,-9
2396,-29
2397,-26
2398,-27
2399,-6
2400,-9
2401,-23
2402,-21
2403,-6
2404,-31
2405,-29
2406,-27
2407,-25
2408,-28
2409,-27
2410,-27
2411,-25
2412,-27
2413,-26
2414,-27
2415,-23
2416,-27
2417,-30
2418,-22
2419,-30
2420,-23
2421,-37
2422,-21
2423,-31
2424,-30
2425,-24
2426,-23
2427,-21
2428,-24
2429,-37
2430,-22
2431,-29
2432,-30
2433,-25
2434,-25
2435,-29
2436,-25
2437,-25
2438,-37
2439,-27
2440,-35
2441,-27
2442,-23
2443,-6
2444,-6
2445,-22
2446,-37
2447,-23
2448,-23
2449,-25
2450,-25
2451,-24
2452,-25
2453,-27
2454,-31
2455,-24
2456,-6
2457,-25
2458,-25
2459,-25
2460,-21
2461,-23
2462,-35
2463,-25
2464,-22
2465,-27
2466,-21
2467,-23
2468,-34
2469,-23
2470,-27
2471,-30
2472,-21
2473,-27
2474,-27
2475,-27
2476,-37
2477,-23
2478,-27
2479,-27
2480,-25
2481,-24
2482,-25
2483,-27
2484,-34
2485,-27
2486,-29
2487,-25
2488,-25
2489,-29
2490,-35
2491,-7
2492,-25
2493,-27
2494,-6
2495,-25
2496,-21
2497,-23
2498,-27
2499,-31
2500,-37
2501,-27
2502,-21
2503,-25
2504,-31
2505,-27
2506,-35
2507,-23
2508,-28
2509,-30
2510,-23
2511,-6
2512,-23
2513,-30
2514,-30
2515,-29
2516,-6
2517,-24
2518,-27
2519,-21
2520,-21
2521,-30
2522,-29
2523,-35
2524,-6
2525,-22
2526,-30
2527,-23
2528,-35
2529,-21
2530,-23
2531,-29
2532,-21
2533,-25
2534,-23
2535,-30
2536,-25
2537,-24
2538,-25
2539,-23
2540,-29
2541,-27
2542,-30
2543,-29
2544,-27
2545,-31
2546,-25
2547,-25
2548,-21
2549,-29
2550,-30
2551,-31
2552,-26
2553,-25
2554,-27
2555,-29
2556,-29
2557,-27
2558,-33
2559,-25
2560,-25
2561,-25
2562,-24
2563,-22
2564,-22
2565,-27
2566,-30
2567,-25
2568,-29
2569,-25
2570,-29
2571,-9
2572,-21
2573,-25
2574,-22
2575,-6
2576,-23
2577,-25
2578,-35
2579,-30
2580,-22
2581,-23
2582,-25
2583,-29
2584,-37
2585,-6
2586,-21
2587,-27
2588,-29
2589,-23
2590,-37
2591,-25
2592,-35
2593,-27
2594,-21
2595,-29
2596,-29
2597,-27
2598,-23
2599,-35
2600,-37
2601,-29
2602,-23
2603,-22
2604,-24
2605,-25
2606,-22
2607,-29
2608,-31
2609,-26
2610,-30
2611,-31
2612,-27
2613,-7
2614,-37
2615,-25
2616,-23
2617,-6
2618,-6
2619,-29
2620,-21
2621,-27
2622,-25
2623,-29
2624,-22
2625,-25
2626,-27
2627,-27
2628,-21
2629,-34
2630,-25
2631,-30
2632,-23
2633,-22
2634,-24
2635,-33
2636,-27
2637,-23
2638,-24
2639,-29
2640,-37
2641,-22
2642,-21
2643,-27
2644,-35
2645,-21
2646,-22
2647,-27
2648,-22
2649,-35
2650,-31
2651,-27
2652,-23
2653,-37
2654,-21
2655,-25
2656,-29
2657,-27
2658,-29
2659,-31
2660,-23
2661,-26
2662,-25
2663,-9
2664,-7
2665,-27
2666,-29
2667,-6
2668,-31
2669,-37
2670,-27
2671,-29
2672,-27
2673,-32
2674,-34
2675,-25
2676,-25
2677,-26
2678,-25
2679,-29
2680,-24
2681,-22
2682,-7
2683,-23
2684,-29
2685,-24
2686,-35
2687,-32
2688,-25
2689,-23
2690,-25
2691,-22
2692,-27
2693,-28
2694,-21
2695,-23
2696,-22
2697,-29
2698,-30
2699,-25
2700,-25
2701,-35
2702,-22
2703,-22
2704,-25
2705,-29
2706,-31
2707,-26
2708,-31
2709,-27
2710,-24
2711,-23
2712,-37
2713,-9
2714,-31
2715,-29
2716,-23
2717,-25
2718,-31
2719,-27
2720,-35
2721,-31
2722,-35
2723,-25
2724,-23
2725,-30
2726,-25
2727,-23
2728,-29
2729,-24
2730,-23
2731,-23
2732,-21
2733,-27
2734,-25
2735,-35
2736,-25
2737,-25
2738,-25
2739,-22
2740,-24
2741,-35
2742,-35
2743,-27
2744,-27
2745,-28
2746,-31
2747,-29
2748,-21
2749,-21
2750,-7
2751,-37
2752,-29
2753,-25
2754,-26
2755,-21
2756,-27
2757,-31
2758,-25
2759,-34
2760,-23
2761,-23
2762,-25
2763,-30
2764,-25
2765,-22
2766,-27
2767,-23
2768,-25
2769,-22
2770,-21
2771,-6
2772,-27
2773,-29
2774,-33
2775,-30
2776,-23
2777,-27
2778,-23
2779,-29
2780,-31
2781,-31
2782,-22
2783,-29
2784,-24
2785,-26
2786,-22
2787,-29
2788,-30
2789,-25
2790,-23
2791,-25
2792,-29
2793,-31
2794,-25
2795,-27
2796,-27
2797,-30
2798,-35
2799,-23
2800,-27
2801,-37
2802,-23
2803,-25
2804,-34
2805,-23
2806,-29
2807,-27
2808,-21
2809,-31
2810,-24
2811,-27
2812,-23
2813,-26
2814,-27
2815,-23
2816,-25
2817,-25
2818,-35
2819,-31
2820,-27
2821,-24
2822,-21
2823,-30
2824,-28
2825,-30
2826,-21
2827,-23
2828,-35
2829,-29
2830,-29
2831,-6
2832,-37
2833,-23
2834,-29
2835,-22
2836,-24
2837,-35
2838,-35
2839,-21
2840,-37
2841,-23
2842,-29
2843,-33
2844,-6
2845,-27
2846,-24
2847,-27
2848,-25
2849,-31
2850,-26
2851,-26
2852,-27
2853,-23
2854,-31
2855,-9
2856,-31
2857,-21
2858,-22
2859,-26
2860,-27
2861,-6
2862,-22
2863,-23
2864,-25
2865,-23
2866,-37
2867,-31
2868,-37
2869,-23
2870,-22
2871,-33
2872,-23
2873,-25
2874,-27
2875,-25
2876,-27
2877,-31
2878,-24
2879,-22
2880,-21
2881,-37
2882,-22
2883,-25
2884,-21
2885,-27
2886,-22
2887,-25
2888,-33
2889,-28
2890,-31
2891,-6
2892,-23
2893,-29
2894,-25
2895,-31
2896,-22
2897,-27
2898,-23
2899,-27
2900,-22
2901,-29
2902,-35
2903,-29
2904,-23
2905,-23
2906,-30
2907,-31
2908,-35
2909,-6
2910,-25
2911,-31
2912,-24
2913,-31
2914,-25
2915,-25
2916,-30
2917,-37
2918,-22
2919,-30
2920,-23
2921,-27
2922,-24
2923,-6
2924,-33
2925,-26
2926,-25
2927,-27
2928,-27
2929,-27
2930,-27
2931,-21
2932,-35
2933,-27
2934,-25
2935,-34
2936,-9
2937,-27
2938,-25
2939,-22
2940,-24
2941,-23
2942,-6
2943,-37
2944,-27
2945,-29
2946,-29
2947,-35
2948,-23
2949,-29
2950,-9
2951,-30
2952,-25
2953,-29
2954,-27
2955,-22
2956,-23
2957,-23
2958,-37
2959,-21
2960,-23
2961,-27
2962,-35
2963,-29
2964,-23
2965,-23
2966,-25
2967,-27
2968,-22
2969,-27
2970,-29
2971,-30
2972,-26
2973,-29
2974,-26
2975,-21
2976,-23
2977,-37
2978,-27
2979,-28
2980,-28
2981,-30
2982,-25
2983,-22
2984,-23
2985,-27
2986,-27
2987,-25
2988,-27
2989,-29
2990,-29
2991,-23
2992,-23
2993,-35
2994,-25
2995,-29
2996,-30
2997,-29
2998,-27
2999,-27
3000,-30
3001,-6
3002,-6
3003,-33
3004,-21
3005,-29
3006,-35
3007,-25
3008,-25
3009,-24
3010,-25
3011,-23
3012,-7
3013,-30
3014,-22
3015,-27
3016,-23
3017,-21
3018,-21
3019,-37
3020,-31
3021,-28
3022,-27
3023,-26
3024,-25
3025,-35
3026,-25
3027,-27
3028,-27
3029,-23
3030,-31
3031,-27
3032,-22
3033,-9
3034,-27
3035,-6
3036,-27
3037,-25
3038,-24
3039,-35
3040,-26
3041,-37
3042,-7
3043,-24
3044,-23
3045,-35
3046,-27
3047,-27
3048,-25
3049,-29
3050,-25
3051,-23
3052,-29
3053,-37
3054,-30
3055,-25
3056,-31
3057,-23
3058,-27
3059,-25
3060,-31
3061,-27
3062,-25
3063,-21
3064,-29
3065,-30
3066,-23
3067,-21
3068,-25
3069,-26
3070,-29
3071,-22
3072,-25
3073,-28
3074,-23
3075,-26
3076,-33
3077,-23
3078,-21
3079,-31
3080,-27
3081,-23
3082,-29
3083,-25
3084,-25
3085,-30
3086,-22
3087,-23
3088,-6
3089,-35
3090,-21
3091,-31
3092,-37
3093,-25
3094,-30
3095,-35
3096,-27
3097,-9
3098,-22
3099,-27
3100,-29
3101,-6
3102,-25
3103,-27
3104,-35
3105,-31
3106,-27
3107,-29
3108,-25
3109,-9
3110,-33
3111,-26
3112,-24
3113,-23
3114,-23
3115,-26
3116,-29
3117,-28
3118,-31
3119,-34
3120,-29
3121,-31
3122,-27
3123,-27
3124,-22
3125,-27
3126,-29
3127,-23
3128,-7
3129,-29
3130,-23
3131,-29
3132,-30
3133,-24
3134,-28
3135,-37
3136,-27
3137,-29
3138,-23
3139,-29
3140,-21
3141,-21
3142,-37
3143,-25
3144,-23
3145,-31
3146,-6
3147,-22
3148,-23
3149,-27
3150,-26
3151,-30
3152,-26
3153,-37
3154,-24
3155,-23
3156,-25
3157,-25
3158,-25
3159,-37
3160,-30
3161,-25
3162,-30
3163,-29
3164,-27
3165,-23
3166,-23
3167,-25
3168,-27
3169,-21
3170,-29
3171,-24
3172,-27
3173,-27
3174,-21
3175,-22
3176,-28
3177,-35
3178,-30
3179,-29
3180,-31
3181,-21
3182,-27
3183,-29
3184,-29
3185,-34
3186,-22
3187,-25
3188,-26
3189,-27
3190,-35
3191,-29
3192,-29
3193,-25
3194,-6
3195,-35
3196,-26
3197,-27
3198,-22
3199,-29
3200,-27
3201,-30
3202,-25
3203,-24
3204,-31
3205,-33
3206,-37
3207,-7
3208,-26
3209,-23
3210,-23
3211,-25
3212,-21
3213,-21
3214,-23
3215,-25
3216,-27
3217,-23
3218,-27
3219,-24
3220,-30
3221,-25
3222,-25
3223,-28
3224,-27
3225,-22
3226,-31
3227,-21
3228,-27
3229,-29
3230,-21
3231,-37
3232,-28
3233,-27
3234,-22
3235,-30
3236,-27
3237,-29
3238,-25
3239,-23
3240,-25
3241,-30
3242,-25
3243,-27
3244,-26
3245,-23
3246,-29
3247,-37
3248,-25
3249,-34
3250,-29
3251,-31
3252,-29
3253,-23
3254,-25
3255,-37
3256,-25
3257,-23
3258,-22
3259,-29
3260,-30
3261,-25
3262,-21
3263,-26
3264,-30
3265,-35
3266,-25
3267,-29
3268,-21
3269,-21
3270,-23
3271,-25
3272,-22
3273,-31
3274,-7
3275,-27
3276,-29
3277,-28
3278,-25
3279,-25
3280,-27
3281,-25
3282,-35
3283,-23
3284,-27
3285,-23
3286,-27
3287,-30
3288,-25
3289,-6
3290,-26
3291,-26
3292,-22
3293,-21
3294,-21
3295,-29
3296,-25
3297,-29
3298,-22
3299,-35
3300,-30
3301,-22
3302,-26
3303,-25
3304,-35
3305,-6
3306,-29
3307,-27
3308,-37
3309,-31
3310,-31
3311,-30
3312,-22
3313,-25
3314,-24
3315,-21
3316,-27
3317,-26
3318,-28
3319,-25
3320,-31
3321,-23
3322,-29
3323,-26
3324,-23
3325,-27
3326,-29
3327,-29
3328,-6
3329,-35
3330,-30
3331,-27
3332,-31
3333,-21
3334,-26
3335,-27
3336,-25
3337,-25
3338,-23
3339,-31
3340,-37
3341,-37
3342,-23
3343,-27
3344,-27
3345,-21
3346,-29
3347,-7
3348,-25
3349,-23
3350,-22
3351,-26
3352,-29
3353,-25
3354,-31
3355,-30
3356,-27
3357,-35
3358,-31
3359,-25
3360,-23
3361,-27
3362,-27
3363,-23
3364,-29
3365,-26
3366,-23
3367,-35
3368,-27
3369,-22
3370,-25
3371,-25
3372,-26
3373,-27
3374,-25
3375,-23
3376,-31
3377,-23
3378,-27
3379,-25
3380,-25
3381,-22
3382,-27
3383,-23
3384,-29
3385,-28
3386,-27
3387,-29
3388,-37
3389,-23
3390,-28
3391,-27
3392,-25
3393,-21
3394,-37
3395,-21
3396,-6
3397,-22
3398,-24
3399,-31
3400,-25
3401,-30
3402,-21
3403,-35
3404,-27
3405,-6
3406,-26
3407,-22
3408,-7
3409,-29
3410,-27
3411,-27
3412,-25
3413,-37
3414,-26
3415,-25
3416,-26
3417,-23
3418,-27
3419,-24
3420,-21
3421,-27
3422,-23
3423,-29
3424,-23
3425,-21
3426,-35
3427,-29
3428,-27
3429,-31
3430,-23
3431,-27
3432,-30
3433,-31
3434,-25
3435,-21
3436,-27
3437,-27
3438,-25
3439,-27
3440,-21
3441,-37
3442,-22
3443,-25
3444,-23
3445,-29
3446,-30
3447,-28
3448,-30
3449,-26
3450,-35
3451,-23
3452,-6
3453,-35
3454,-22
3455,-30
3456,-37
3457,-25
3458,-31
3459,-25
3460,-26
3461,-30
3462,-30
3463,-21
3464,-35
3465,-24
3466,-26
3467,-27
3468,-30
3469,-30
3470,-21
3471,-29
3472,-23
3473,-25
3474,-23
3475,-37
3476,-31
3477,-30
3478,-24
3479,-22
3480,-25
3481,-29
3482,-25
3483,-29
3484,-28
3485,-22
3486,-23
3487,-27
3488,-25
3489,-26
3490,-37
3491,-25
3492,-35
3493,-27
3494,-21
3495,-21
3496,-21
3497,-24
3498,-29
3499,-29
3500,-27
3501,-27
3502,-27
3503,-30
3504,-27
3505,-21
3506,-27
3507,-21
3508,-22
3509,-31
3510,-27
3511,-26
3512,-30
3513,-25
3514,-25
3515,-29
3516,-31
3517,-32
3518,-35
3519,-7
3520,-22
3521,-25
3522,-35
3523,-35
3524,-22
3525,-21
3526,-29
3527,-27
3528,-29
3529,-27
3530,-23
3531,-30
3532,-31
3533,-27
3534,-29
3535,-27
3536,-27
3537,-28
3538,-25
3539,-23
3540,-23
3541,-37
3542,-27
3543,-25
3544,-22
3545,-29
3546,-25
3547,-37
3548,-25
3549,-35
3550,-21
3551,-29
3552,-27
3553,-24
3554,-27
3555,-27
3556,-22
3557,-23
3558,-24
3559,-29
3560,-25
3561,-30
3562,-25
3563,-21
3564,-27
3565,-25
3566,-6
3567,-27
3568,-25
3569,-25
3570,-29
3571,-29
3572,-37
3573,-22
3574,-27
3575,-30
3576,-29
3577,-23
3578,-21
3579,-29
3580,-27
3581,-25
3582,-23
3583,-22
3584,-28
3585,-24
3586,-25
3587,-21
3588,-29
3589,-30
3590,-25
3591,-29
3592,-27
3593,-25
3594,-37
3595,-29
3596,-26
3597,-27
3598,-37
3599,-28
3600,-6
3601,-22
3602,-23
3603,-25
3604,-23
3605,-27
3606,-31
3607,-25
3608,-24
3609,-35
3610,-35
3611,-21
3612,-28
3613,-21
3614,-30
3615,-27
3616,-25
3617,-27
3618,-6
3619,-21
3620,-23
3621,-25
3622,-28
3623,-29
3624,-27
3625,-29
3626,-29
3627,-23
3628,-25
3629,-23
3630,-30
3631,-30
3632,-21
3633,-31
3634,-27
3635,-29
3636,-31
3637,-23
3638,-30
3639,-22
3640,-25
3641,-37
3642,-28
3643,-25
3644,-23
3645,-27
3646,-31
3647,-27
3648,-25
3649,-23
3650,-35
3651,-25
3652,-29
3653,-25
3654,-37
3655,-37
3656,-24
3657,-24
3658,-25
3659,-27
3660,-21
3661,-23
3662,-31
3663,-35
3664,-21
3665,-25
3666,-21
3667,-26
3668,-25
3669,-30
3670,-27
3671,-27
3672,-23
3673,-27
3674,-29
3675,-29
3676,-27
3677,-25
3678,-26
3679,-25
3680,-22
3681,-25
3682,-25
3683,-31
3684,-21
3685,-21
3686,-27
3687,-6
3688,-27
3689,-29
3690,-6
3691,-30
3692,-27
3693,-29
3694,-35
3695,-21
3696,-6
3697,-26
3698,-27
3699,-23
3700,-23
3701,-21
3702,-21
3703,-22
3704,-24
3705,-25
3706,-23
3707,-25
3708,-25
3709,-26
3710,-22
3711,-29
3712,-21
3713,-35
3714,-29
3715,-27
3716,-23
3717,-30
3718,-28
3719,-29
3720,-27
3721,-29
3722,-25
3723,-30
3724,-30
3725,-37
3726,-31
3727,-25
3728,-27
3729,-23
3730,-30
3731,-31
3732,-27
3733,-27
3734,-29
3735,-35
3736,-23
3737,-28
3738,-22
3739,-22
3740,-37
3741,-21
3742,-25
3743,-31
3744,-22
3745,-25
3746,-37
3747,-23
3748,-22
3749,-29
3750,-25
3751,-22
3752,-27
3753,-23
3754,-21
3755,-30
3756,-22
3757,-21
3758,-27
3759,-30
3760,-27
3761,-31
3762,-31
3763,-24
3764,-25
3765,-37
3766,-27
3767,-30
3768,-24
3769,-30
3770,-27
3771,-21
3772,-23
3773,-26
3774,-35
3775,-31
3776,-31
3777,-29
3778,-37
3779,-29
3780,-26
3781,-26
3782,-26
3783,-26
3784,-23
3785,-7
3786,-30
3787,-22
3788,-21
3789,-29
3790,-21
3791,-22
3792,-23
3793,-25
3794,-33
3795,-25
3796,-26
3797,-24
3798,-23
3799,-25
3800,-24
3801,-22
3802,-29
3803,-25
3804,-24
3805,-37
3806,-6
3807,-29
3808,-23
3809,-28
3810,-29
3811,-25
3812,-23
3813,-37
3814,-27
3815,-22
3816,-23
3817,-24
3818,-23
3819,-23
3820,-25
3821,-29
3822,-37
3823,-22
3824,-29
3825,-33
3826,-25
3827,-35
3828,-30
3829,-31
3830,-23
3831,-27
3832,-30
3833,-27
3834,-27
3835,-7
3836,-26
3837,-35
3838,-25
3839,-29
3840,-33
3841,-35
3842,-26
3843,-23
3844,-29
3845,-31
3846,-25
3847,-23
3848,-28
3849,-24
3850,-22
3851,-6
3852,-30
3853,-29
3854,-27
3855,-27
3856,-23
3857,-25
3858,-27
3859,-28
3860,-24
3861,-23
3862,-34
3863,-25
3864,-35
3865,-37
3866,-29
3867,-9
3868,-7
3869,-25
3870,-30
3871,-27
3872,-26
3873,-28
3874,-25
3875,-27
3876,-23
3877,-27
3878,-22
3879,-23
3880,-24
3881,-27
3882,-25
3883,-22
3884,-27
3885,-30
3886,-37
3887,-23
3888,-23
3889,-23
3890,-29
3891,-27
3892,-6
3893,-26
3894,-25
3895,-24
3896,-24
3897,-37
3898,-24
3899,-35
3900,-26
3901,-25
3902,-24
3903,-23
3904,-25
3905,-35
3906,-25
3907,-27
3908,-21
3909,-30
3910,-25
3911,-34
3912,-37
3913,-37
3914,-27
3915,-31
3916,-30
3917,-29
3918,-23
3919,-29
3920,-29
3921,-25
3922,-6
3923,-35
3924,-21
3925,-27
3926,-33
3927,-29
3928,-29
3929,-29
3930,-27
3931,-21
3932,-26
3933,-23
3934,-29
3935,-37
3936,-22
3937,-27
3938,-27
3939,-31
3940,-37
3941,-31
3942,-27
3943,-26
3944,-27
3945,-30
3946,-23
3947,-22
3948,-31
3949,-22
3950,-23
3951,-27
3952,-24
3953,-30
3954,-34
3955,-24
3956,-31
3957,-24
3958,-28
3959,-23
3960,-23
3961,-25
3962,-21
3963,-25
3964,-23
3965,-35
3966,-25
3967,-24
3968,-30
3969,-27
3970,-26
3971,-27
3972,-23
3973,-21
3974,-27
3975,-31
3976,-26
3977,-26
3978,-24
3979,-21
3980,-25
3981,-25
3982,-25
3983,-30
3984,-21
3985,-23
3986,-27
3987,-27
3988,-27
3989,-30
3990,-29
3991,-22
3992,-25
3993,-27
3994,-25
3995,-28
3996,-22
3997,-29
3998,-25
3999,-35
4000,-25
4001,-29
4002,-26
4003,-21
4004,-23
4005,-27
4006,-37
4007,-24
4008,-29
4009,-33
4010,-29
4011,-27
4012,-24
4013,-23
4014,-37
4015,-27
4016,-25
4017,-29
4018,-30
4019,-23
4020,-22
4021,-35
4022,-23
4023,-35
4024,-30
4025,-37
4026,-25
4027,-25
4028,-33
4029,-34
4030,-21
4031,-27
4032,-28
4033,-30
4034,-21
4035,-30
4036,-25
4037,-27
4038,-27
4039,-23
4040,-27
4041,-37
4042,-23
4043,-37
4044,-27
4045,-24
4046,-29
4047,-25
4048,-27
4049,-30
4050,-22
4051,-23
4052,-23
4053,-23
4054,-27
4055,-35
4056,-21
4057,-25
4058,-23
4059,-22
4060,-35
4061,-23
4062,-27
4063,-25
4064,-22
4065,-29
4066,-23
4067,-28
4068,-37
4069,-37
4070,-27
4071,-23
4072,-25
4073,-29
4074,-29
4075,-25
4076,-26
4077,-23
4078,-23
4079,-27
4080,-25
4081,-29
4082,-24
4083,-32
4084,-31
4085,-30
4086,-27
4087,-25
4088,-6
4089,-29
4090,-22
4091,-21
4092,-22
4093,-25
4094,-23
4095,-37
4096,-29
4097,-28
4098,-28
4099,-25
4100,-24
4101,-21
4102,-23
4103,-29
4104,-23
4105,-35
4106,-23
4107,-30
4108,-21
4109,-24
4110,-23
4111,-31
4112,-23
4113,-24
4114,-37
4115,-25
4116,-27
4117,-25
4118,-23
4119,-29
4120,-27
4121,-22
4122,-25
4123,-21
4124,-26
4125,-35
4126,-27
4127,-37
4128,-25
4129,-25
4130,-29
4131,-23
4132,-24
4133,-33
4134,-28
4135,-27
4136,-29
4137,-27
4138,-30
4139,-29
4140,-30
4141,-25
4142,-25
4143,-27
4144,-27
4145,-34
4146,-6
4147,-23
4148,-26
4149,-23
4150,-27
4151,-25
4152,-21
4153,-31
4154,-23
4155,-27
4156,-29
4157,-37
4158,-21
4159,-35
4160,-31
4161,-27
4162,-33
4163,-31
4164,-21
4165,-24
4166,-28
4167,-23
4168,-29
4169,-22
4170,-24
4171,-35
4172,-28
4173,-22
4174,-29
4175,-37
4176,-27
4177,-37
4178,-21
4179,-25
4180,-23
4181,-35
4182,-25
4183,-35
4184,-21
4185,-27
4186,-6
4187,-29
4188,-30
4189,-23
4190,-23
4191,-25
4192,-21
4193,-24
4194,-30
4195,-27
4196,-21
4197,-23
4198,-25
4199,-37
4200,-31
4201,-35
4202,-27
4203,-6
4204,-31
4205,-28
4206,-25
4207,-25
4208,-35
4209,-27
4210,-25
4211,-30
4212,-25
4213,-21
4214,-29
4215,-25
4216,-37
4217,-23
4218,-23
4219,-35
4220,-29
4221,-23
4222,-30
4223,-24
4224,-25
4225,-29
4226,-22
4227,-23
4228,-25
4229,-23
4230,-27
4231,-22
4232,-23
4233,-25
4234,-27
4235,-30
4236,-27
4237,-29
4238,-22
4239,-25
4240,-22
4241,-29
4242,-30
4243,-27
4244,-28
4245,-6
4246,-27
4247,-25
4248,-37
4249,-25
4250,-28
4251,-25
4252,-26
4253,-29
4254,-29
4255,-24
4256,-25
4257,-30
4258,-21
4259,-9
4260,-25
4261,-23
4262,-37
4263,-26
4264,-23
4265,-31
4266,-30
4267,-22
4268,-27
4269,-22
4270,-23
4271,-24
4272,-28
4273,-31
4274,-25
4275,-22
4276,-35
4277,-31
4278,-23
4279,-27
4280,-25
4281,-29
4282,-37
4283,-23
4284,-35
4285,-23
4286,-21
4287,-27
4288,-27
4289,-33
4290,-25
4291,-27
4292,-23
4293,-23
4294,-23
4295,-24
4296,-23
4297,-26
4298,-21
4299,-29
4300,-35
4301,-28
4302,-23
4303,-29
4304,-26
4305,-29
4306,-27
4307,-23
4308,-27
4309,-27
4310,-30
4311,-7
4312,-25
4313,-37
4314,-22
4315,-31
4316,-37
4317,-6
4318,-22
4319,-23
4320,-24
4321,-25
4322,-31
4323,-29
4324,-24
4325,-29
4326,-27
4327,-29
4328,-27
4329,-25
4330,-25
4331,-35
4332,-31
4333,-23
4334,-27
4335,-26
4336,-37
4337,-21
4338,-23
4339,-37
4340,-26
4341,-23
4342,-27
4343,-23
4344,-31
4345,-22
4346,-27
4347,-29
4348,-27
4349,-23
4350,-26
4351,-25
4352,-31
4353,-35
4354,-25
4355,-27
4356,-25
4357,-29
4358,-37
4359,-24
4360,-29
4361,-21
4362,-21
4363,-21
4364,-37
4365,-29
4366,-27
4367,-24
4368,-28
4369,-25
4370,-23
4371,-29
4372,-29
4373,-21
4374,-29
4375,-25
4376,-23
4377,-25
4378,-6
4379,-30
4380,-23
4381,-25
4382,-27
4383,-22
4384,-31
4385,-26
4386,-27
4387,-27
4388,-24
4389,-29
4390,-37
4391,-21
4392,-21
4393,-27
4394,-35
4395,-27
4396,-27
4397,-28
4398,-25
4399,-29
4400,-25
4401,-22
4402,-27
4403,-25
4404,-30
4405,-27
4406,-28
4407,-24
4408,-35
4409,-30
4410,-23
4411,-25
4412,-23
4413,-27
4414,-24
4415,-25
4416,-24
4417,-35
4418,-24
4419,-25
4420,-6
4421,-29
4422,-25
4423,-29
4424,-25
4425,-21
4426,-29
4427,-29
4428,-27
4429,-27
4430,-6
4431,-31
4432,-25
4433,-27
4434,-6
4435,-25
4436,-29
4437,-37
4438,-23
4439,-25
4440,-25
4441,-37
4442,-23
4443,-22
4444,-29
4445,-25
4446,-24
4447,-24
4448,-29
4449,-9
4450,-37
4451,-23
4452,-27
4453,-25
4454,-29
4455,-31
4456,-27
4457,-27
4458,-23
4459,-25
4460,-28
4461,-22
4462,-25
4463,-35
4464,-27
4465,-23
4466,-23
4467,-29
4468,-30
4469,-23
4470,-30
4471,-23
4472,-25
4473,-29
4474,-27
4475,-23
4476,-23
4477,-25
4478,-27
4479,-25
4480,-25
4481,-27
4482,-31
4483,-22
4484,-29
4485,-35
4486,-25
4487,-25
4488,-23
4489,-27
4490,-29
4491,-27
4492,-31
4493,-27
4494,-27
4495,-24
4496,-35
4497,-22
4498,-25
4499,-25
4500,-27
4501,-22
4502,-24
4503,-30
4504,-26
4505,-23
4506,-27
4507,-31
4508,-23
4509,-24
4510,-25
4511,-35
4512,-27
4513,-21
4514,-23
4515,-27
4516,-26
4517,-29
4518,-29
4519,-27
4520,-23
4521,-22
4522,-35
4523,-27
4524,-25
4525,-37
4526,-25
4527,-22
4528,-25
4529,-25
4530,-23
4531,-21
4532,-26
4533,-25
4534,-29
4535,-30
4536,-31
4537,-27
4538,-24
4539,-29
4540,-25
4541,-30
4542,-21
4543,-21
4544,-25
4545,-29
4546,-24
4547,-25
4548,-23
4549,-35
4550,-27
4551,-25
4552,-26
4553,-29
4554,-22
4555,-25
4556,-22
4557,-34
4558,-23
4559,-27
4560,-25
4561,-23
4562,-26
4563,-29
4564,-24
4565,-35
4566,-23
4567,-37
4568,-25
4569,-27
4570,-29
4571,-32
4572,-21
4573,-27
4574,-22
4575,-35
4576,-37
4577,-23
4578,-27
4579,-23
4580,-23
4581,-24
4582,-30
4583,-25
4584,-29
4585,-30
4586,-23
4587,-26
4588,-23
4589,-23
4590,-26
4591,-23
4592,-23
4593,-29
4594,-25
4595,-37
4596,-27
4597,-25
4598,-25
4599,-25
4600,-28
4601,-30
4602,-31
4603,-34
4604,-27
4605,-21
4606,-22
4607,-25
4608,-25
4609,-22
4610,-25
4611,-29
4612,-23
4613,-35
4614,-23
4615,-29
4616,-27
4617,-30
4618,-23
4619,-23
4620,-31
4621,-23
4622,-25
4623,-23
4624,-28
4625,-35
4626,-22
4627,-25
4628,-35
4629,-33
4630,-23
4631,-27
4632,-27
4633,-23
4634,-25
4635,-24
4636,-28
4637,-24
4638,-35
4639,-27
4640,-31
4641,-23
4642,-22
4643,-29
4644,-25
4645,-28
4646,-35
4647,-26
4648,-29
4649,-21
4650,-29
4651,-25
4652,-22
4653,-27
4654,-25
4655,-27
4656,-25
4657,-21
4658,-30
4659,-23
4660,-21
4661,-27
4662,-23
4663,-29
4664,-33
4665,-27
4666,-23
4667,-29
4668,-23
4669,-28
4670,-37
4671,-30
4672,-25
4673,-25
4674,-37
4675,-22
4676,-25
4677,-30
4678,-27
4679,-21
4680,-25
4681,-23
4682,-22
4683,-37
4684,-23
4685,-27
4686,-31
4687,-35
4688,-27
4689,-27
4690,-23
4691,-26
4692,-22
4693,-25
4694,-34
4695,-27
4696,-27
4697,-22
4698,-30
4699,-37
4700,-29
4701,-25
4702,-23
4703,-21
4704,-25
4705,-23
4706,-24
4707,-21
4708,-23
4709,-22
4710,-29
4711,-25
4712,-23
4713,-25
4714,-28
4715,-22
4716,-25
4717,-24
4718,-25
4719,-37
4720,-24
4721,-31
4722,-30
4723,-30
4724,-31
4725,-29
4726,-25
4727,-21
4728,-23
4729,-21
4730,-29
4731,-22
4732,-27
4733,-28
4734,-25
4735,-23
4736,-35
4737,-29
4738,-25
4739,-37
4740,-24
4741,-33
4742,-24
4743,-29
4744,-29
4745,-22
4746,-23
4747,-23
4748,-6
4749,-26
4750,-21
4751,-31
4752,-26
4753,-23
4754,-29
4755,-37
4756,-29
4757,-30
4758,-23
4759,-35
4760,-27
4761,-21
4762,-28
4763,-29
4764,-25
4765,-29
4766,-27
4767,-30
4768,-37
4769,-29
4770,-23
4771,-21
4772,-22
4773,-35
4774,-27
4775,-25
4776,-23
4777,-23
4778,-27
4779,-24
4780,-21
4781,-25
4782,-35
4783,-35
4784,-25
4785,-28
4786,-25
4787,-23
4788,-37
4789,-27
4790,-27
4791,-25
4792,-24
4793,-29
4794,-29
4795,-31
4796,-22
4797,-22
4798,-25
4799,-29
4800,-21
4801,-29
4802,-32
4803,-7
4804,-27
4805,-35
4806,-28
4807,-24
4808,-23
4809,-24
4810,-29
4811,-23
4812,-23
4813,-24
4814,-29
4815,-30
4816,-21
4817,-37
4818,-29
4819,-37
4820,-25
4821,-25
4822,-6
4823,-30
4824,-29
4825,-22
4826,-22
4827,-25
4828,-27
4829,-22
4830,-33
4831,-27
4832,-21
4833,-21
4834,-29
4835,-21
4836,-35
4837,-30
4838,-25
4839,-23
4840,-25
4841,-25
4842,-26
4843,-30
4844,-24
4845,-29
4846,-37
4847,-27
4848,-23
4849,-31
4850,-28
4851,-31
4852,-25
4853,-35
4854,-9
4855,-21
4856,-27
4857,-25
4858,-25
4859,-25
4860,-31
4861,-24
4862,-29
4863,-28
4864,-29
4865,-25
4866,-23
4867,-22
4868,-27
4869,-29
4870,-23
4871,-26
4872,-30
4873,-25
4874,-27
4875,-28
4876,-27
4877,-37
4878,-35
4879,-23
4880,-30
4881,-31
4882,-28
4883,-22
4884,-24
4885,-21
4886,-25
4887,-25
4888,-7
4889,-27
4890,-34
4891,-25
4892,-27
4893,-23
4894,-30
4895,-21
4896,-27
4897,-23
4898,-35
4899,-21
4900,-35
4901,-29
4902,-23
4903,-21
4904,-22
4905,-24
4906,-25
4907,-25
4908,-25
4909,-24
4910,-29
4911,-29
4912,-35
4913,-35
4914,-37
4915,-31
4916,-25
4917,-28
4918,-23
4919,-25
4920,-25
4921,-23
4922,-27
4923,-9
4924,-34
4925,-28
4926,-22
4927,-27
4928,-25
4929,-30
4930,-28
4931,-27
4932,-23
4933,-27
4934,-25
4935,-25
4936,-24
4937,-23
4938,-37
4939,-25
4940,-31
4941,-27
4942,-23
4943,-23
4944,-22
4945,-29
4946,-30
4947,-29
4948,-29
4949,-24
4950,-23
4951,-25
4952,-23
4953,-27
4954,-25
4955,-25
4956,-23
4957,-23
4958,-25
4959,-25
4960,-35
4961,-26
4962,-34
4963,-27
4964,-37
4965,-22
4966,-25
4967,-31
4968,-24
4969,-24
4970,-30
4971,-37
4972,-25
4973,-31
4974,-29
4975,-34
4976,-26
4977,-22
4978,-31
4979,-21
4980,-29
4981,-23
4982,-25
4983,-35
4984,-21
4985,-23
4986,-29
4987,-29
4988,-24
4989,-29
4990,-37
4991,-27
4992,-25
4993,-25
4994,-23
4995,-37
4996,-30
4997,-23
4998,-24
4999,-24
5000,-27
5001,-27
5002,-25
5003,-24
5004,-31
5005,-29
5006,-29
5007,-28
5008,-23
5009,-34
5010,-29
5011,-35
5012,-23
5013,-25
5014,-30
5015,-26
5016,-23
5017,-25
5018,-25
5019,-22
5020,-33
5021,-23
5022,-30
5023,-23
5024,-29
5025,-29
5026,-35
5027,-22
5028,-25
5029,-22
5030,-31
5031,-25
5032,-7
5033,-25
5034,-37
5035,-23
5036,-25
5037,-30
5038,-28
5039,-27
5040,-21
5041,-21
5042,-35
5043,-22
5044,-31
5045,-27
5046,-25
5047,-30
5048,-21
5049,-25
5050,-30
5051,-31
5052,-23
5053,-27
5054,-31
5055,-27
5056,-24
5057,-27
5058,-25
5059,-37
5060,-29
5061,-27
5062,-6
5063,-29
5064,-30
5065,-25
5066,-25
5067,-23
5068,-25
5069,-35
5070,-24
5071,-27
5072,-21
5073,-37
5074,-24
5075,-27
5076,-21
5077,-25
5078,-25
5079,-23
5080,-22
5081,-29
5082,-21
5083,-25
5084,-27
5085,-29
5086,-23
5087,-31
5088,-30
5089,-30
5090,-27
5091,-30
5092,-37
5093,-24
5094,-22
5095,-25
5096,-35
5097,-31
5098,-29
5099,-23
5100,-35
5101,-29
5102,-23
5103,-29
5104,-31
5105,-23
5106,-37
5107,-22
5108,-30
5109,-25
5110,-29
5111,-21
5112,-24
5113,-37
5114,-9
5115,-31
5116,-24
5117,-27
5118,-29
5119,-21
5120,-23
5121,-23
5122,-29
5123,-31
5124,-29
5125,-30
5126,-21
5127,-23
5128,-21
5129,-27
5130,-25
5131,-30
5132,-23
5133,-26
5134,-37
5135,-28
5136,-23
5137,-23
5138,-22
5139,-37
5140,-30
5141,-25
5142,-31
5143,-29
5144,-24
5145,-23
5146,-25
5147,-25
5148,-27
5149,-23
5150,-25
5151,-25
5152,-35
5153,-27
5154,-26
5155,-34
5156,-21
5157,-25
5158,-27
5159,-22
5160,-27
5161,-26
5162,-27
5163,-23
5164,-26
5165,-23
5166,-28
5167,-35
5168,-25
5169,-6
5170,-31
5171,-23
5172,-30
5173,-33
5174,-24
5175,-29
5176,-25
5177,-37
5178,-27
5179,-27
5180,-23
5181,-22
5182,-23
5183,-24
5184,-31
5185,-9
5186,-27
5187,-23
5188,-23
5189,-23
5190,-29
5191,-37
5192,-35
5193,-30
5194,-27
5195,-21
5196,-28
5197,-9
5198,-29
5199,-26
5200,-23
5201,-24
5202,-22
5203,-25
5204,-25
5205,-35
5206,-29
5207,-29
5208,-37
5209,-27
5210,-27
5211,-21
5212,-29
5213,-28
5214,-25
5215,-25
5216,-26
5217,-25
5218,-29
5219,-27
5220,-23
5221,-22
5222,-27
5223,-22
5224,-21
5225,-27
5226,-35
5227,-29
5228,-27
5229,-21
5230,-31
5231,-30
5232,-23
5233,-23
5234,-24
5235,-27
5236,-21
5237,-26
5238,-22
5239,-27
5240,-28
5241,-21
5242,-27
5243,-23
5244,-31
5245,-26
5246,-29
5247,-23
5248,-23
5249,-25
5250,-37
5251,-23
5252,-37
5253,-27
5254,-25
5255,-25
5256,-22
5257,-29
5258,-25
5259,-25
5260,-27
5261,-29
5262,-35
5263,-26
5264,-28
5265,-25
5266,-30
5267,-26
5268,-27
5269,-29
5270,-27
5271,-22
5272,-27
5273,-30
5274,-23
5275,-21
5276,-25
5277,-28
5278,-37
5279,-25
5280,-29
5281,-27
5282,-35
5283,-27
5284,-22
5285,-25
5286,-25
5287,-23
5288,-23
5289,-21
5290,-32
5291,-29
5292,-35
5293,-25
5294,-25
5295,-29
5296,-30
5297,-25
5298,-31
5299,-27
5300,-24
5301,-27
5302,-25
5303,-24
5304,-27
5305,-28
5306,-23
5307,-25
5308,-6
5309,-7
5310,-23
5311,-22
5312,-27
5313,-29
5314,-28
5315,-25
5316,-26
5317,-27
5318,-24
5319,-21
5320,-29
5321,-30
5322,-37
5323,-32
5324,-29
5325,-26
5326,-27
5327,-23
5328,-24
5329,-21
5330,-23
5331,-21
5332,-34
5333,-27
5334,-21
5335,-31
5336,-25
5337,-29
5338,-22
5339,-23
5340,-30
5341,-37
5342,-37
5343,-25
5344,-23
5345,-35
5346,-27
5347,-29
5348,-27
5349,-22
5350,-24
5351,-23
5352,-27
5353,-22
5354,-29
5355,-31
5356,-26
5357,-35
5358,-25
5359,-25
5360,-21
5361,-33
5362,-27
5363,-30
5364,-34
5365,-22
5366,-27
5367,-29
5368,-35
5369,-22
5370,-27
5371,-21
5372,-25
5373,-23
5374,-28
5375,-23
5376,-25
5377,-37
5378,-27
5379,-27
5380,-23
5381,-31
5382,-37
5383,-23
5384,-29
5385,-25
5386,-25
5387,-21
5388,-24
5389,-27
5390,-37
5391,-21
5392,-24
5393,-9
5394,-26
5395,-23
5396,-25
5397,-30
5398,-31
5399,-27
5400,-26
5401,-27
5402,-27
5403,-25
5404,-22
5405,-30
5406,-23
5407,-25
5408,-23
5409,-25
5410,-27
5411,-31
5412,-27
5413,-26
5414,-31
5415,-21
5416,-37
5417,-27
5418,-23
5419,-26
5420,-24
5421,-35
5422,-27
5423,-27
5424,-27
5425,-23
5426,-23
5427,-27
5428,-21
5429,-29
5430,-26
5431,-21
5432,-25
5433,-31
5434,-26
5435,-31
5436,-35
5437,-27
5438,-23
5439,-23
5440,-27
5441,-28
5442,-24
5443,-27
5444,-6
5445,-29
5446,-29
5447,-37
5448,-21
5449,-23
5450,-27
5451,-6
5452,-27
5453,-25
5454,-21
5455,-30
5456,-21
5457,-27
5458,-24
5459,-27
5460,-23
5461,-29
5462,-30
5463,-21
5464,-29
5465,-27
5466,-33
5467,-22
5468,-25
5469,-35
5470,-29
5471,-30
5472,-27
5473,-24
5474,-37
5475,-26
5476,-27
5477,-22
5478,-24
5479,-21
5480,-27
5481,-22
5482,-31
5483,-27
5484,-27
5485,-26
5486,-24
5487,-27
5488,-23
5489,-35
5490,-21
5491,-24
5492,-28
5493,-31
5494,-31
5495,-29
5496,-27
5497,-23
5498,-23
5499,-27
5500,-29
5501,-28
5502,-24
5503,-27
5504,-26
5505,-27
5506,-22
5507,-25
5508,-28
5509,-23
5510,-30
5511,-23
5512,-37
5513,-24
5514,-25
5515,-37
5516,-23
5517,-23
5518,-25
5519,-22
5520,-34
5521,-7
5522,-25
5523,-25
5524,-25
5525,-26
5526,-21
5527,-25
5528,-35
5529,-27
5530,-6
5531,-27
5532,-23
5533,-27
5534,-27
5535,-23
5536,-22
5537,-22
5538,-23
5539,-22
5540,-27
5541,-29
5542,-30
5543,-25
5544,-27
5545,-25
5546,-27
5547,-26
5548,-23
5549,-28
5550,-29
5551,-30
5552,-25
5553,-21
5554,-37
5555,-29
5556,-21
5557,-25
5558,-23
5559,-25
5560,-25
5561,-23
5562,-35
5563,-27
5564,-9
5565,-27
5566,-23
5567,-29
5568,-29
5569,-25
5570,-27
5571,-31
5572,-21
5573,-22
5574,-23
5575,-25
5576,-23
5577,-37
5578,-25
5579,-25
5580,-25
5581,-32
5582,-24
5583,-23
5584,-31
5585,-30
5586,-29
5587,-29
5588,-25
5589,-22
5590,-23
5591,-27
5592,-25
5593,-29
5594,-25
5595,-28
5596,-23
5597,-25
5598,-21
5599,-35
5600,-29
5601,-23
5602,-23
5603,-27
5604,-35
5605,-37
5606,-30
5607,-23
5608,-31
5609,-26
5610,-29
5611,-26
5612,-9
5613,-27
5614,-21
5615,-29
5616,-27
5617,-29
5618,-25
5619,-22
5620,-29
5621,-35
5622,-27
5623,-23
5624,-23
5625,-30
5626,-25
5627,-25
5628,-25
5629,-29
5630,-29
5631,-21
5632,-30
5633,-24
5634,-26
5635,-22
5636,-22
5637,-27
5638,-27
5639,-24
5640,-23
5641,-30
5642,-21
5643,-30
5644,-37
5645,-35
5646,-30
5647,-25
5648,-9
5649,-25
5650,-25
5651,-29
5652,-21
5653,-24
5654,-27
5655,-23
5656,-28
5657,-35
5658,-31
5659,-27
5660,-25
5661,-23
5662,-29
5663,-27
5664,-6
5665,-27
5666,-25
5667,-21
5668,-37
5669,-29
5670,-29
5671,-25
5672,-31
5673,-29
5674,-23
5675,-24
5676,-24
5677,-27
5678,-26
5679,-35
5680,-27
5681,-31
5682,-23
5683,-25
5684,-23
5685,-25
5686,-23
5687,-22
5688,-30
5689,-27
5690,-25
5691,-25
5692,-25
5693,-24
5694,-37
5695,-25
5696,-21
5697,-23
5698,-29
5699,-25
5700,-24
5701,-25
5702,-25
5703,-30
5704,-34
5705,-27
5706,-27
5707,-23
5708,-27
5709,-22
5710,-23
5711,-31
5712,-21
5713,-25
5714,-27
5715,-35
5716,-25
5717,-23
5718,-23
5719,-29
5720,-37
5721,-29
5722,-27
5723,-22
5724,-32
5725,-23
5726,-31
5727,-25
5728,-22
5729,-23
5730,-25
5731,-22
5732,-25
5733,-35
5734,-21
5735,-25
5736,-28
5737,-27
5738,-30
5739,-29
5740,-28
5741,-30
5742,-23
5743,-27
5744,-29
5745,-24
5746,-29
5747,-25
5748,-26
5749,-21
5750,-27
5751,-31
5752,-31
5753,-27
5754,-22
5755,-25
5756,-21
5757,-27
5758,-24
5759,-29
5760,-22
5761,-30
5762,-22
5763,-37
5764,-21
5765,-27
5766,-29
5767,-21
5768,-28
5769,-22
5770,-28
5771,-31
5772,-29
5773,-23
5774,-21
5775,-23
5776,-24
5777,-37
5778,-25
5779,-27
5780,-29
5781,-23
5782,-35
5783,-23
5784,-24
5785,-25
5786,-23
5787,-21
5788,-27
5789,-30
5790,-27
5791,-28
5792,-29
5793,-22
5794,-29
5795,-21
5796,-27
5797,-22
5798,-25
5799,-37
5800,-29
5801,-27
5802,-29
5803,-35
5804,-22
5805,-23
5806,-27
5807,-28
5808,-31
5809,-29
5810,-29
5811,-25
5812,-35
5813,-31
5814,-24
5815,-25
5816,-23
5817,-30
5818,-29
5819,-21
5820,-21
5821,-25
5822,-24
5823,-37
5824,-33
5825,-27
5826,-27
5827,-31
5828,-6
5829,-25
5830,-27
5831,-27
5832,-21
5833,-29
5834,-27
5835,-29
5836,-23
5837,-26
5838,-24
5839,-35
5840,-28
5841,-22
5842,-9
5843,-35
5844,-31
5845,-29
5846,-27
5847,-23
5848,-23
5849,-27
5850,-27
5851,-37
5852,-27
5853,-24
5854,-27
5855,-25
5856,-23
5857,-25
5858,-29
5859,-23
5860,-25
5861,-31
5862,-28
5863,-25
5864,-30
5865,-27
5866,-29
5867,-25
5868,-29
5869,-24
5870,-27
5871,-35
5872,-29
5873,-25
5874,-27
5875,-30
5876,-23
5877,-23
5878,-30
5879,-35
5880,-27
5881,-25
5882,-25
5883,-23
5884,-26
5885,-28
5886,-33
5887,-24
5888,-25
5889,-25
5890,-22
5891,-21
5892,-27
5893,-27
5894,-25
5895,-23
5896,-7
5897,-29
5898,-21
5899,-22
5900,-23
5901,-29
5902,-23
5903,-31
5904,-23
5905,-27
5906,-23
5907,-22
5908,-25
5909,-37
5910,-27
5911,-25
5912,-25
5913,-37
5914,-30
5915,-27
5916,-37
5917,-25
5918,-28
5919,-29
5920,-25
5921,-29
5922,-34
5923,-25
5924,-23
5925,-25
5926,-26
5927,-30
5928,-21
5929,-23
5930,-28
5931,-6
5932,-35
5933,-27
5934,-30
5935,-25
5936,-27
5937,-25
5938,-23
5939,-27
5940,-25
5941,-29
5942,-21
5943,-30
5944,-24
5945,-22
5946,-37
5947,-31
5948,-35
5949,-27
5950,-29
5951,-26
5952,-29
5953,-22
5954,-23
5955,-25
5956,-27
5957,-23
5958,-25
5959,-31
5960,-25
5961,-35
5962,-27
5963,-27
5964,-29
5965,-25
5966,-35
5967,-24
5968,-21
5969,-23
5970,-27
5971,-31
5972,-21
5973,-25
5974,-29
5975,-28
5976,-25
5977,-21
5978,-25
5979,-29
5980,-27
5981,-26
5982,-25
5983,-27
5984,-30
5985,-24
5986,-27
5987,-37
5988,-31
5989,-27
5990,-33
5991,-24
5992,-26
5993,-25
5994,-35
5995,-27
5996,-31
5997,-21
5998,-29
5999,-23
6000,-22
6001,-28
6002,-27
6003,-25
6004,-25
6005,-23
6006,-30
6007,-23
6008,-35
6009,-27
6010,-29
6011,-26
6012,-27
6013,-25
6014,-33
6015,-22
6016,-25
6017,-29
6018,-21
6019,-23
6020,-29
6021,-22
6022,-23
6023,-23
6024,-27
6025,-29
6026,-23
6027,-37
6028,-34
6029,-23
6030,-30
6031,-31
6032,-6
6033,-25
6034,-30
6035,-21
6036,-28
6037,-22
6038,-23
6039,-31
6040,-37
6041,-35
6042,-25
6043,-35
6044,-27
6045,-24
6046,-25
6047,-27
6048,-25
6049,-25
6050,-23
6051,-29
6052,-23
6053,-22
6054,-27
6055,-37
6056,-27
6057,-24
6058,-27
6059,-25
6060,-27
6061,-31
6062,-23
6063,-21
6064,-25
6065,-35
6066,-23
6067,-27
6068,-23
6069,-29
6070,-27
6071,-22
6072,-21
6073,-37
6074,-30
6075,-27
6076,-21
6077,-23
6078,-27
6079,-27
6080,-21
6081,-33
6082,-23
6083,-29
6084,-29
6085,-27
6086,-25
6087,-25
6088,-29
6089,-30
6090,-22
6091,-32
6092,-25
6093,-25
6094,-29
6095,-25
6096,-24
6097,-37
6098,-25
6099,-29
6100,-23
6101,-27
6102,-25
6103,-29
6104,-25
6105,-26
6106,-25
6107,-21
6108,-23
6109,-24
6110,-35
6111,-30
6112,-22
6113,-23
6114,-27
6115,-24
6116,-27
6117,-25
6118,-27
6119,-23
6120,-21
6121,-31
6122,-24
6123,-25
6124,-27
6125,-29
6126,-37
6127,-27
6128,-23
6129,-25
6130,-28
6131,-25
6132,-22
6133,-34
6134,-23
6135,-37
6136,-22
6137,-22
6138,-23
6139,-23
6140,-29
6141,-29
6142,-22
6143,-30
6144,-30
6145,-21
6146,-23
6147,-29
6148,-23
6149,-37
6150,-21
6151,-25
6152,-35
6153,-25
6154,-31
6155,-27
6156,-30
6157,-27
6158,-23
6159,-29
6160,-29
6161,-25
6162,-31
6163,-21
6164,-37
6165,-29
6166,-27
6167,-31
6168,-24
6169,-21
6170,-22
6171,-21
6172,-25
6173,-28
6174,-30
6175,-25
6176,-22
6177,-37
6178,-23
6179,-25
6180,-37
6181,-35
6182,-23
6183,-23
6184,-27
6185,-27
6186,-25
6187,-21
6188,-34
6189,-29
6190,-26
6191,-37
6192,-31
6193,-37
6194,-29
6195,-22
6196,-25
6197,-23
6198,-24
6199,-22
6200,-27
6201,-31
6202,-27
6203,-29
6204,-28
6205,-29
6206,-27
6207,-23
6208,-26
6209,-35
6210,-25
6211,-27
6212,-24
6213,-29
6214,-27
6215,-30
6216,-25
6217,-28
6218,-29
6219,-25
6220,-35
6221,-37
6222,-21
6223,-27
6224,-23
6225,-29
6226,-23
6227,-22
6228,-21
6229,-25
6230,-27
6231,-26
6232,-28
6233,-25
6234,-31
6235,-24
6236,-27
6237,-31
6238,-21
6239,-25
6240,-25
6241,-35
6242,-23
6243,-6
6244,-23
6245,-23
6246,-29
6247,-30
6248,-31
6249,-29
6250,-21
6251,-23
6252,-27
6253,-24
6254,-37
6255,-31
6256,-25
6257,-22
6258,-25
6259,-28
6260,-25
6261,-29
6262,-27
6263,-31
6264,-37
6265,-35
6266,-27
6267,-25
6268,-27
6269,-23
6270,-23
6271,-22
6272,-27
6273,-21
6274,-27
6275,-26
6276,-22
6277,-29
6278,-25
6279,-25
6280,-21
6281,-27
6282,-27
6283,-28
6284,-32
6285,-29
6286,-30
6287,-31
6288,-23
6289,-25
6290,-29
6291,-35
6292,-37
6293,-35
6294,-25
6295,-24
6296,-21
6297,-24
6298,-23
6299,-27
6300,-25
6301,-23
6302,-35
6303,-25
6304,-27
6305,-22
6306,-29
6307,-25
6308,-29
6309,-30
6310,-22
6311,-29
6312,-30
6313,-26
6314,-23
6315,-29
6316,-25
6317,-27
6318,-37
6319,-27
6320,-29
6321,-23
6322,-22
6323,-21
6324,-29
6325,-22
6326,-21
6327,-27
6328,-27
6329,-21
6330,-35
6331,-27
6332,-23
6333,-29
6334,-25
6335,-24
6336,-21
6337,-27
6338,-23
6339,-34
6340,-30
6341,-25
6342,-31
6343,-29
6344,-27
6345,-23
6346,-27
6347,-35
6348,-25
6349,-25
6350,-24
6351,-23
6352,-27
6353,-22
6354,-23
6355,-29
6356,-25
6357,-29
6358,-31
6359,-31
6360,-35
6361,-23
6362,-27
6363,-29
6364,-22
6365,-21
6366,-29
6367,-28
6368,-23
6369,-28
6370,-24
6371,-25
6372,-30
6373,-25
6374,-28
6375,-25
6376,-21
6377,-31
6378,-25
6379,-22
6380,-31
6381,-25
6382,-26
6383,-23
6384,-25
6385,-21
6386,-21
6387,-24
6388,-30
6389,-27
6390,-37
6391,-21
6392,-29
6393,-26
6394,-37
6395,-35
6396,-7
6397,-27
6398,-25
6399,-27
6400,-32
6401,-27
6402,-27
6403,-25
6404,-31
6405,-27
6406,-22
6407,-23
6408,-25
6409,-23
6410,-24
6411,-33
6412,-25
6413,-21
6414,-29
6415,-37
6416,-29
6417,-27
6418,-29
6419,-29
6420,-26
6421,-25
6422,-23
6423,-30
6424,-28
6425,-30
6426,-23
6427,-27
6428,-25
6429,-23
6430,-30
6431,-24
6432,-37
6433,-23
6434,-28
6435,-25
6436,-6
6437,-31
6438,-31
6439,-30
6440,-25
6441,-29
6442,-7
6443,-29
6444,-24
6445,-23
6446,-32
6447,-9
6448,-29
6449,-23
6450,-21
6451,-33
6452,-35
6453,-25
6454,-25
6455,-25
6456,-35
6457,-27
6458,-28
6459,-31
6460,-22
6461,-25
6462,-30
6463,-22
6464,-23
6465,-32
6466,-37
6467,-21
6468,-25
6469,-35
6470,-25
6471,-21
6472,-25
6473,-25
6474,-31
6475,-26
6476,-27
6477,-31
6478,-24
6479,-27
6480,-37
6481,-27
6482,-24
6483,-22
6484,-27
6485,-29
6486,-25
6487,-31
6488,-21
6489,-23
6490,-9
6491,-27
6492,-27
6493,-27
6494,-25
6495,-21
6496,-34
6497,-25
6498,-29
6499,-23
6500,-24
6501,-35
6502,-31
6503,-23
6504,-24
6505,-22
6506,-25
6507,-27
6508,-21
6509,-27
6510,-37
6511,-37
6512,-23
6513,-27
6514,-28
6515,-28
6516,-23
6517,-27
6518,-29
6519,-31
6520,-25
6521,-21
6522,-23
6523,-35
6524,-27
6525,-27
6526,-25
6527,-27
6528,-23
6529,-25
6530,-31
6531,-30
6532,-22
6533,-29
6534,-23
6535,-27
6536,-22
6537,-25
6538,-27
6539,-37
6540,-29
6541,-27
6542,-27
6543,-25
6544,-25
6545,-21
6546,-29
6547,-28
6548,-23
6549,-31
6550,-35
6551,-26
6552,-21
6553,-29
6554,-27
6555,-35
6556,-21
6557,-22
6558,-35
6559,-30
6560,-23
6561,-27
6562,-25
6563,-24
6564,-25
6565,-21
6566,-22
6567,-27
6568,-24
6569,-27
6570,-25
6571,-23
6572,-34
6573,-25
6574,-23
6575,-28
6576,-6
6577,-26
6578,-30
6579,-21
6580,-25
6581,-37
6582,-28
6583,-27
6584,-30
6585,-25
6586,-25
6587,-35
6588,-26
6589,-22
6590,-27
6591,-25
6592,-23
6593,-31
6594,-29
6595,-26
6596,-29
6597,-23
6598,-28
6599,-35
6600,-23
6601,-27
6602,-21
6603,-29
6604,-35
6605,-23
6606,-22
6607,-27
6608,-21
6609,-27
6610,-29
6611,-24
6612,-25
6613,-28
6614,-27
6615,-25
6616,-23
6617,-25
6618,-37
6619,-25
6620,-29
6621,-29
6622,-21
6623,-25
6624,-27
6625,-24
6626,-25
6627,-37
6628,-31
6629,-30
6630,-21
6631,-23
6632,-28
6633,-35
6634,-29
6635,-27
6636,-25
6637,-27
6638,-22
6639,-31
6640,-37
6641,-25
6642,-27
6643,-37
6644,-22
6645,-23
6646,-30
6647,-25
6648,-25
6649,-35
6650,-21
6651,-25
6652,-21
6653,-25
6654,-27
6655,-28
6656,-31
6657,-23
6658,-30
6659,-21
6660,-29
6661,-29
6662,-37
6663,-29
6664,-27
6665,-26
6666,-25
6667,-21
6668,-23
6669,-24
6670,-23
6671,-35
6672,-30
6673,-31
6674,-23
6675,-22
6676,-27
6677,-30
6678,-24
6679,-27
6680,-25
6681,-29
6682,-25
6683,-23
6684,-31
6685,-35
6686,-28
6687,-23
6688,-27
6689,-25
6690,-29
6691,-29
6692,-28
6693,-28
6694,-31
6695,-25
6696,-31
6697,-27
6698,-27
6699,-37
6700,-23
6701,-25
6702,-26
6703,-29
6704,-22
6705,-25
6706,-23
6707,-27
6708,-21
6709,-35
6710,-23
6711,-29
6712,-26
6713,-27
6714,-28
6715,-21
6716,-31
6717,-30
6718,-21
6719,-31
6720,-34
6721,-25
6722,-23
6723,-23
6724,-37
6725,-23
6726,-23
6727,-29
6728,-23
6729,-25
6730,-37
6731,-25
6732,-27
6733,-27
6734,-22
6735,-21
6736,-7
6737,-25
6738,-35
6739,-22
6740,-37
6741,-29
6742,-32
6743,-25
6744,-29
6745,-25
6746,-34
6747,-31
6748,-23
6749,-22
6750,-22
6751,-23
6752,-34
6753,-35
6754,-23
6755,-22
6756,-26
6757,-29
6758,-27
6759,-28
6760,-25
6761,-25
6762,-25
6763,-37
6764,-27
6765,-25
6766,-30
6767,-27
6768,-27
6769,-21
6770,-27
6771,-28
6772,-23
6773,-23
6774,-31
6775,-24
6776,-31
6777,-25
6778,-30
6779,-22
6780,-29
6781,-31
6782,-23
6783,-26
6784,-24
6785,-27
6786,-35
6787,-6
6788,-29
6789,-27
6790,-21
6791,-23
6792,-23
6793,-22
6794,-37
6795,-23
6796,-23
6797,-25
6798,-31
6799,-23
6800,-24
6801,-37
6802,-22
6803,-34
6804,-26
6805,-27
6806,-22
6807,-23
6808,-35
6809,-21
6810,-22
6811,-27
6812,-26
6813,-30
6814,-27
6815,-23
6816,-27
6817,-25
6818,-23
6819,-21
6820,-26
6821,-37
6822,-25
6823,-29
6824,-31
6825,-27
6826,-27
6827,-6
6828,-25
6829,-23
6830,-29
6831,-25
6832,-27
6833,-21
6834,-35
6835,-28
6836,-29
6837,-25
6838,-27
6839,-27
6840,-24
6841,-21
6842,-23
6843,-31
6844,-29
6845,-24
6846,-27
6847,-27
6848,-37
6849,-30
6850,-24
6851,-25
6852,-37
6853,-23
6854,-28
6855,-23
6856,-31
6857,-29
6858,-27
6859,-23
6860,-29
6861,-24
6862,-25
6863,-37
6864,-33
6865,-23
6866,-27
6867,-23
6868,-35
6869,-21
6870,-27
6871,-22
6872,-31
6873,-28
6874,-27
6875,-29
6876,-23
6877,-24
6878,-31
6879,-23
6880,-30
6881,-23
6882,-27
6883,-27
6884,-25
6885,-30
6886,-29
6887,-37
6888,-25
6889,-21
6890,-25
6891,-27
6892,-25
6893,-30
6894,-21
6895,-23
6896,-29
6897,-35
6898,-31
6899,-29
6900,-35
6901,-23
6902,-25
6903,-29
6904,-29
6905,-37
6906,-29
6907,-24
6908,-28
6909,-25
6910,-27
6911,-24
6912,-23
6913,-29
6914,-27
6915,-25
6916,-29
6917,-30
6918,-26
6919,-23
6920,-25
6921,-37
6922,-25
6923,-21
6924,-27
6925,-28
6926,-23
6927,-27
6928,-21
6929,-29
6930,-29
6931,-24
6932,-27
6933,-21
6934,-27
6935,-23
6936,-35
6937,-29
6938,-27
6939,-25
6940,-24
6941,-25
6942,-24
6943,-31
6944,-25
6945,-23
6946,-23
6947,-35
6948,-29
6949,-27
6950,-37
6951,-25
6952,-33
6953,-29
6954,-27
6955,-27
6956,-27
6957,-21
6958,-27
6959,-31
6960,-29
6961,-29
6962,-22
6963,-26
6964,-29
6965,-25
6966,-35
6967,-28
6968,-25
6969,-27
6970,-27
6971,-25
6972,-25
6973,-23
6974,-25
6975,-25
6976,-37
6977,-30
6978,-23
6979,-27
6980,-22
6981,-27
6982,-25
6983,-31
6984,-30
6985,-25
6986,-37
6987,-29
6988,-25
6989,-31
6990,-24
6991,-9
6992,-29
6993,-25
6994,-23
6995,-23
6996,-23
6997,-27
6998,-35
6999,-21
7000,-24
7001,-23
7002,-23
7003,-31
7004,-27
7005,-25
7006,-25
7007,-21
7008,-31
7009,-27
7010,-25
7011,-27
7012,-26
7013,-30
7014,-30
7015,-25
7016,-37
7017,-23
7018,-7
7019,-23
7020,-24
7021,-29
7022,-25
7023,-29
7024,-23
7025,-37
7026,-29
7027,-35
7028,-26
7029,-29
7030,-27
7031,-24
7032,-25
7033,-27
7034,-27
7035,-27
7036,-29
7037,-23
7038,-30
7039,-27
7040,-23
7041,-30
7042,-23
7043,-37
7044,-37
7045,-25
7046,-22
7047,-24
7048,-25
7049,-29
7050,-29
7051,-29
7052,-29
7053,-23
7054,-34
7055,-30
7056,-30
7057,-35
7058,-25
7059,-28
7060,-25
7061,-23
7062,-27
7063,-37
7064,-7
7065,-22
7066,-29
7067,-25
7068,-23
7069,-21
7070,-23
7071,-23
7072,-29
7073,-27
7074,-29
7075,-30
7076,-26
7077,-25
7078,-37
7079,-28
7080,-35
7081,-21
7082,-23
7083,-31
7084,-23
7085,-25
7086,-27
7087,-27
7088,-22
7089,-24
7090,-25
7091,-31
7092,-29
7093,-25
7094,-25
7095,-25
7096,-30
7097,-30
7098,-29
7099,-21
7100,-30
7101,-30
7102,-29
7103,-27
7104,-24
7105,-37
7106,-37
7107,-23
7108,-28
7109,-30
7110,-22
7111,-23
7112,-21
7113,-22
7114,-27
7115,-29
7116,-24
7117,-25
7118,-35
7119,-29
7120,-25
7121,-29
7122,-33
7123,-25
7124,-21
7125,-35
7126,-26
7127,-27
7128,-35
7129,-23
7130,-27
7131,-35
7132,-25
7133,-31
7134,-30
7135,-27
7136,-21
7137,-23
7138,-23
7139,-29
7140,-29
7141,-25
7142,-30
7143,-27
7144,-23
7145,-23
7146,-27
7147,-29
7148,-25
7149,-37
7150,-23
7151,-31
7152,-25
7153,-23
7154,-27
7155,-23
7156,-30
7157,-29
7158,-24
7159,-21
7160,-23
7161,-35
7162,-27
7163,-25
7164,-29
7165,-27
7166,-22
7167,-27
7168,-24
7169,-30
7170,-28
7171,-25
7172,-37
7173,-31
7174,-25
7175,-23
7176,-29
7177,-25
7178,-25
7179,-27
7180,-29
7181,-25
7182,-23
7183,-29
7184,-25
7185,-24
7186,-29
7187,-31
7188,-23
7189,-29
7190,-24
7191,-35
7192,-26
7193,-25
7194,-27
7195,-24
7196,-23
7197,-30
7198,-28
7199,-23
7200,-27
7201,-25
7202,-22
7203,-25
7204,-29
7205,-37
7206,-27
7207,-27
7208,-22
7209,-31
7210,-23
7211,-25
7212,-37
7213,-31
7214,-6
7215,-24
7216,-26
7217,-27
7218,-35
7219,-25
7220,-25
7221,-33
7222,-23
7223,-21
7224,-31
7225,-23
7226,-34
7227,-25
7228,-27
7229,-23
7230,-24
7231,-27
7232,-26
7233,-25
7234,-30
7235,-21
7236,-29
7237,-22
7238,-26
7239,-30
7240,-25
7241,-31
7242,-26
7243,-21
7244,-37
7245,-25
7246,-30
7247,-27
7248,-31
7249,-27
7250,-23
7251,-25
7252,-25
7253,-35
7254,-28
7255,-37
7256,-27
7257,-27
7258,-31
7259,-27
7260,-23
7261,-29
7262,-29
7263,-29
7264,-23
7265,-22
7266,-37
7267,-23
7268,-29
7269,-23
7270,-23
7271,-29
7272,-25
7273,-23
7274,-37
7275,-31
7276,-25
7277,-22
7278,-22
7279,-35
7280,-27
7281,-25
7282,-27
7283,-35
7284,-27
7285,-27
7286,-22
7287,-29
7288,-28
7289,-25
7290,-29
7291,-30
7292,-21
7293,-21
7294,-23
7295,-25
7296,-37
7297,-30
7298,-25
7299,-32
7300,-23
7301,-27
7302,-23
7303,-21
7304,-25
7305,-29
7306,-27
7307,-7
7308,-27
7309,-29
7310,-25
7311,-31
7312,-29
7313,-25
7314,-27
7315,-35
7316,-27
7317,-25
7318,-30
7319,-29
7320,-26
7321,-27
7322,-25
7323,-24
7324,-29
7325,-25
7326,-37
7327,-27
7328,-25
7329,-22
7330,-29
7331,-25
7332,-23
7333,-29
7334,-31
7335,-34
7336,-21
7337,-21
7338,-25
7339,-33
7340,-24
7341,-28
7342,-25
7343,-31
7344,-23
7345,-27
7346,-30
7347,-25
7348,-26
7349,-22
7350,-6
7351,-31
7352,-37
7353,-35
7354,-23
7355,-24
7356,-37
7357,-27
7358,-25
7359,-24
7360,-29
7361,-30
7362,-23
7363,-27
7364,-21
7365,-25
7366,-25
7367,-29
7368,-27
7369,-35
7370,-23
7371,-26
7372,-21
7373,-27
7374,-25
7375,-26
7376,-29
7377,-25
7378,-37
7379,-27
7380,-27
7381,-25
7382,-30
7383,-22
7384,-35
7385,-23
7386,-30
7387,-27
7388,-31
7389,-24
7390,-21
7391,-27
7392,-27
7393,-24
7394,-25
7395,-23
7396,-35
7397,-27
7398,-30
7399,-23
7400,-25
7401,-21
7402,-31
7403,-25
7404,-30
7405,-31
7406,-23
7407,-22
7408,-25
7409,-21
7410,-23
7411,-26
7412,-30
7413,-28
7414,-31
7415,-23
7416,-27
7417,-25
7418,-35
7419,-37
7420,-33
7421,-29
7422,-31
7423,-37
7424,-24
7425,-23
7426,-35
7427,-23
7428,-33
7429,-23
7430,-25
7431,-28
7432,-34
7433,-27
7434,-29
7435,-25
7436,-22
7437,-25
7438,-27
7439,-22
7440,-25
7441,-28
7442,-21
7443,-27
7444,-31
7445,-37
7446,-29
7447,-29
7448,-25
7449,-27
7450,-30
7451,-9
7452,-27
7453,-28
7454,-25
7455,-37
7456,-29
7457,-21
7458,-22
7459,-29
7460,-23
7461,-25
7462,-25
7463,-29
7464,-29
7465,-27
7466,-24
7467,-23
7468,-30
7469,-37
7470,-24
7471,-27
7472,-23
7473,-27
7474,-25
7475,-23
7476,-23
7477,-22
7478,-29
7479,-23
7480,-30
7481,-27
7482,-31
7483,-35
7484,-27
7485,-23
7486,-29
7487,-30
7488,-22
7489,-25
7490,-37
7491,-29
7492,-22
7493,-23
7494,-30
7495,-25
7496,-21
7497,-25
7498,-29
7499,-29
7500,-35
7501,-25
7502,-31
7503,-23
7504,-25
7505,-25
7506,-35
7507,-31
7508,-27
7509,-30
7510,-27
7511,-27
7512,-27
7513,-25
7514,-27
7515,-37
7516,-23
7517,-23
7518,-24
7519,-31
7520,-25
7521,-31
7522,-37
7523,-25
7524,-26
7525,-29
7526,-29
7527,-30
7528,-22
7529,-24
7530,-25
7531,-22
7532,-25
7533,-29
7534,-28
7535,-27
7536,-35
7537,-31
7538,-9
7539,-27
7540,-25
7541,-31
7542,-25
7543,-23
7544,-27
7545,-37
7546,-23
7547,-23
7548,-21
7549,-25
7550,-23
7551,-25
7552,-30
7553,-22
7554,-26
7555,-30
7556,-29
7557,-35
7558,-29
7559,-31
7560,-22
7561,-29
7562,-23
7563,-24
7564,-34
7565,-21
7566,-35
7567,-25
7568,-25
7569,-27
7570,-21
7571,-27
7572,-23
7573,-29
7574,-30
7575,-24
7576,-27
7577,-27
7578,-25
7579,-21
7580,-27
7581,-29
7582,-37
7583,-24
7584,-29
7585,-29
7586,-24
7587,-27
7588,-25
7589,-27
7590,-28
7591,-35
7592,-25
7593,-22
7594,-25
7595,-25
7596,-35
7597,-29
7598,-31
7599,-21
7600,-23
7601,-23
7602,-27
7603,-27
7604,-24
7605,-37
7606,-30
7607,-23
7608,-25
7609,-25
7610,-35
7611,-27
7612,-27
7613,-25
7614,-25
7615,-26
7616,-27
7617,-26
7618,-25
7619,-25
7620,-35
7621,-27
7622,-23
7623,-24
7624,-29
7625,-31
7626,-31
7627,-23
7628,-23
7629,-37
7630,-29
7631,-25
7632,-31
7633,-31
7634,-29
7635,-26
7636,-31
7637,-25
7638,-30
7639,-24
7640,-23
7641,-25
7642,-33
7643,-25
7644,-22
7645,-35
7646,-25
7647,-23
7648,-27
7649,-26
7650,-29
7651,-27
7652,-34
7653,-29
7654,-22
7655,-29
7656,-21
7657,-29
7658,-24
7659,-25
7660,-23
7661,-22
7662,-27
7663,-32
7664,-23
7665,-27
7666,-21
7667,-29
7668,-37
7669,-37
7670,-22
7671,-25
7672,-29
7673,-21
7674,-25
7675,-27
7676,-30
7677,-28
7678,-25
7679,-23
7680,-29
7681,-24
7682,-37
7683,-21
7684,-37
7685,-31
7686,-25
7687,-31
7688,-23
7689,-27
7690,-23
7691,-29
7692,-25
7693,-28
7694,-28
7695,-29
7696,-22
7697,-24
7698,-23
7699,-23
7700,-35
7701,-25
7702,-29
7703,-22
7704,-25
7705,-30
7706,-29
7707,-23
7708,-6
7709,-23
7710,-29
7711,-25
7712,-27
7713,-31
7714,-29
7715,-27
7716,-21
7717,-27
7718,-27
7719,-31
7720,-23
7721,-37
7722,-25
7723,-27
7724,-6
7725,-31
7726,-37
7727,-25
7728,-25
7729,-27
7730,-25
7731,-35
7732,-22
7733,-27
7734,-21
7735,-30
7736,-27
7737,-30
7738,-31
7739,-23
7740,-22
7741,-26
7742,-29
7743,-23
7744,-27
7745,-35
7746,-25
7747,-31
7748,-23
7749,-24
7750,-26
7751,-27
7752,-21
7753,-28
7754,-29
7755,-30
7756,-37
7757,-35
7758,-23
7759,-25
7760,-31
7761,-25
7762,-23
7763,-34
7764,-24
7765,-25
7766,-25
7767,-30
7768,-30
7769,-22
7770,-21
7771,-27
7772,-25
7773,-21
7774,-21
7775,-23
7776,-31
7777,-31
7778,-31
7779,-27
7780,-25
7781,-35
7782,-24
7783,-23
7784,-31
7785,-25
7786,-29
7787,-27
7788,-35
7789,-35
7790,-27
7791,-23
7792,-27
7793,-23
7794,-29
7795,-26
7796,-23
7797,-30
7798,-25
7799,-29
7800,-25
7801,-31
7802,-27
7803,-23
7804,-25
7805,-6
7806,-23
7807,-37
7808,-27
7809,-27
7810,-29
7811,-25
7812,-22
7813,-25
7814,-27
7815,-31
7816,-35
7817,-27
7818,-28
7819,-23
7820,-30
7821,-29
7822,-27
7823,-25
7824,-24
7825,-25
7826,-37
7827,-21
7828,-22
7829,-30
7830,-21
7831,-25
7832,-25
7833,-24
7834,-23
7835,-23
7836,-31
7837,-35
7838,-7
7839,-30
7840,-27
7841,-25
7842,-29
7843,-23
7844,-23
7845,-29
7846,-26
7847,-35
7848,-27
7849,-37
7850,-27
7851,-29
7852,-27
7853,-24
7854,-25
7855,-22
7856,-37
7857,-29
7858,-23
7859,-25
7860,-27
7861,-30
7862,-28
7863,-29
7864,-23
7865,-32
7866,-37
7867,-33
7868,-24
7869,-30
7870,-25
7871,-23
7872,-31
7873,-25
7874,-26
7875,-29
7876,-27
7877,-27
7878,-22
7879,-31
7880,-35
7881,-29
7882,-25
7883,-25
7884,-25
7885,-23
7886,-25
7887,-25
7888,-30
7889,-27
7890,-23
7891,-21
7892,-25
7893,-6
7894,-27
7895,-27
7896,-27
7897,-37
7898,-22
7899,-21
7900,-25
7901,-32
7902,-27
7903,-30
7904,-27
7905,-31
7906,-27
7907,-23
7908,-35
7909,-27
7910,-25
7911,-22
7912,-29
7913,-27
7914,-25
7915,-29
7916,-23
7917,-24
7918,-35
7919,-34
7920,-25
7921,-23
7922,-23
7923,-28
7924,-30
7925,-22
7926,-30
7927,-25
7928,-31
7929,-35
7930,-25
7931,-25
7932,-24
7933,-27
7934,-27
7935,-29
7936,-29
7937,-37
7938,-29
7939,-25
7940,-25
7941,-23
7942,-21
7943,-24
7944,-31
7945,-29
7946,-27
7947,-27
7948,-35
7949,-21
7950,-24
7951,-23
7952,-27
7953,-31
7954,-25
7955,-37
7956,-30
7957,-27
7958,-25
7959,-30
7960,-25
7961,-24
7962,-28
7963,-26
7964,-25
7965,-23
7966,-26
7967,-37
7968,-25
7969,-24
7970,-24
7971,-29
7972,-22
7973,-30
7974,-23
7975,-23
7976,-6
7977,-29
7978,-27
7979,-27
7980,-35
7981,-23
7982,-33
7983,-23
7984,-25
7985,-23
7986,-21
7987,-31
7988,-35
7989,-29
7990,-25
7991,-23
7992,-32
7993,-37
7994,-25
7995,-25
7996,-31
7997,-22
7998,-25
7999,-25
8000,-25
8001,-31
8002,-23
8003,-28
8004,-24
8005,-25
8006,-26
8007,-34
8008,-26
8009,-27
8010,-37
8011,-25
8012,-27
8013,-23
8014,-24
8015,-21
8016,-30
8017,-31
8018,-24
8019,-27
8020,-29
8021,-23
8022,-27
8023,-29
8024,-35
8025,-27
8026,-31
8027,-28
8028,-27
8029,-25
8030,-31
8031,-25
8032,-29
8033,-25
8034,-37
8035,-24
8036,-21
8037,-22
8038,-35
8039,-29
8040,-31
8041,-35
8042,-27
8043,-25
8044,-25
8045,-24
8046,-23
8047,-30
8048,-30
8049,-29
8050,-23
8051,-26
8052,-21
8053,-21
8054,-23
8055,-23
8056,-26
8057,-29
8058,-37
8059,-25
8060,-27
8061,-29
8062,-29
8063,-25
8064,-30
8065,-23
8066,-29
8067,-25
8068,-23
8069,-24
8070,-33
8071,-23
8072,-27
8073,-37
8074,-35
8075,-21
8076,-25
8077,-31
8078,-31
8079,-23
8080,-30
8081,-26
8082,-31
8083,-26
8084,-23
8085,-23
8086,-27
8087,-27
8088,-37
8089,-30
8090,-23
8091,-26
8092,-27
8093,-31
8094,-6
8095,-21
8096,-27
8097,-35
8098,-27
8099,-23
8100,-23
8101,-37
8102,-29
8103,-21
8104,-24
8105,-25
8106,-25
8107,-25
8108,-27
8109,-27
8110,-30
8111,-25
8112,-27
8113,-30
8114,-27
8115,-27
8116,-37
8117,-27
8118,-25
8119,-31
8120,-27
8121,-31
8122,-23
8123,-21
8124,-31
8125,-25
8126,-22
8127,-23
8128,-29
8129,-23
8130,-27
8131,-23
8132,-21
8133,-26
8134,-27
8135,-37
8136,-35
8137,-23
8138,-22
8139,-27
8140,-27
8141,-27
8142,-25
8143,-29
8144,-24
8145,-29
8146,-27
8147,-37
8148,-31
8149,-22
8150,-21
8151,-23
8152,-23
8153,-28
8154,-29
8155,-25
8156,-29
8157,-25
8158,-30
8159,-31
8160,-30
8161,-35
8162,-25
8163,-23
8164,-27
8165,-23
8166,-29
8167,-29
8168,-28
8169,-22
8170,-29
8171,-22
8172,-27
8173,-23
8174,-37
8175,-31
8176,-27
8177,-26
8178,-29
8179,-27
8180,-23
8181,-30
8182,-30
8183,-29
8184,-23
8185,-6
8186,-25
8187,-31
8188,-25
8189,-35
8190,-21
8191,-21
8192,-31
8193,-26
8194,-35
8195,-31
8196,-26
8197,-27
8198,-22
8199,-27
8200,-25
8201,-25
8202,-21
8203,-35
8204,-25
8205,-31
8206,-24
8207,-21
8208,-31
8209,-24
8210,-27
8211,-25
8212,-24
8213,-31
8214,-30
8215,-29
8216,-35
8217,-37
8218,-25
8219,-27
8220,-25
8221,-26
8222,-28
8223,-25
8224,-25
8225,-29
8226,-21
8227,-25
8228,-23
8229,-27
8230,-31
8231,-24
8232,-30
8233,-25
8234,-23
8235,-31
8236,-35
8237,-22
8238,-25
8239,-29
8240,-25
8241,-30
8242,-27
8243,-29
8244,-22
8245,-29
8246,-26
8247,-25
8248,-23
8249,-27
8250,-25
8251,-33
8252,-37
8253,-35
8254,-23
8255,-27
8256,-23
8257,-30
8258,-32
8259,-25
8260,-27
8261,-24
8262,-29
8263,-29
8264,-22
8265,-25
8266,-23
8267,-27
8268,-35
8269,-26
8270,-31
8271,-29
8272,-23
8273,-34
8274,-23
8275,-37
8276,-25
8277,-29
8278,-23
8279,-30
8280,-29
8281,-22
8282,-27
8283,-24
8284,-37
8285,-29
8286,-27
8287,-29
8288,-24
8289,-23
8290,-6
8291,-35
8292,-27
8293,-25
8294,-25
8295,-35
8296,-23
8297,-22
8298,-25
8299,-25
8300,-27
8301,-29
8302,-25
8303,-23
8304,-33
8305,-22
8306,-30
8307,-26
8308,-22
8309,-24
8310,-29
8311,-27
8312,-26
8313,-27
8314,-37
8315,-21
8316,-24
8317,-29
8318,-29
8319,-27
8320,-29
8321,-25
8322,-23
8323,-27
8324,-27
8325,-29
8326,-25
8327,-30
8328,-25
8329,-28
8330,-27
8331,-30
8332,-27
8333,-35
8334,-25
8335,-35
8336,-22
8337,-21
8338,-25
8339,-23
8340,-21
8341,-29
8342,-23
8343,-22
8344,-27
8345,-29
8346,-35
8347,-26
8348,-26
8349,-31
8350,-27
8351,-25
8352,-30
8353,-25
8354,-21
8355,-29
8356,-27
8357,-37
8358,-25
8359,-30
8360,-25
8361,-25
8362,-28
8363,-31
8364,-23
8365,-31
8366,-27
8367,-23
8368,-29
8369,-35
8370,-25
8371,-6
8372,-31
8373,-31
8374,-27
8375,-25
8376,-27
8377,-27
8378,-23
8379,-23
8380,-25
8381,-29
8382,-37
8383,-30
8384,-22
8385,-37
8386,-27
8387,-29
8388,-22
8389,-26
8390,-22
8391,-31
8392,-30
8393,-21
8394,-27
8395,-23
8396,-25
8397,-29
8398,-23
8399,-35
8400,-27
8401,-22
8402,-23
8403,-22
8404,-28
8405,-23
8406,-27
8407,-29
8408,-25
8409,-23
8410,-30
8411,-27
8412,-27
8413,-37
8414,-21
8415,-27
8416,-27
8417,-25
8418,-25
8419,-31
8420,-21
8421,-30
8422,-25
8423,-30
8424,-29
8425,-29
8426,-37
8427,-35
8428,-23
8429,-27
8430,-24
8431,-29
8432,-27
8433,-27
8434,-27
8435,-30
8436,-27
8437,-21
8438,-23
8439,-24
8440,-31
8441,-23
8442,-25
8443,-23
8444,-23
8445,-31
8446,-37
8447,-35
8448,-28
8449,-26
8450,-25
8451,-25
8452,-23
8453,-21
8454,-25
8455,-29
8456,-23
8457,-29
8458,-30
8459,-22
8460,-25
8461,-22
8462,-35
8463,-25
8464,-31
8465,-27
8466,-29
8467,-30
8468,-25
8469,-31
8470,-30
8471,-22
8472,-25
8473,-23
8474,-25
8475,-31
8476,-32
8477,-27
8478,-23
8479,-29
8480,-26
8481,-33
8482,-37
8483,-37
8484,-25
8485,-25
8486,-23
8487,-23
8488,-29
8489,-25
8490,-24
8491,-35
8492,-23
8493,-25
8494,-27
8495,-27
8496,-29
8497,-30
8498,-25
8499,-27
8500,-24
8501,-21
8502,-27
8503,-27
8504,-6
8505,-37
8506,-35
8507,-29
8508,-25
8509,-27
8510,-26
8511,-23
8512,-31
8513,-29
8514,-21
8515,-25
8516,-35
8517,-23
8518,-23
8519,-29
8520,-25
8521,-23
8522,-29
8523,-25
8524,-22
8525,-29
8526,-30
8527,-31
8528,-25
8529,-27
8530,-25
8531,-23
8532,-30
8533,-27
8534,-25
8535,-25
8536,-37
8537,-37
8538,-23
8539,-29
8540,-27
8541,-31
8542,-28
8543,-30
8544,-27
8545,-24
8546,-25
8547,-25
8548,-23
8549,-25
8550,-25
8551,-23
8552,-27
8553,-29
8554,-35
8555,-25
8556,-21
8557,-24
8558,-25
8559,-28
8560,-35
8561,-28
8562,-30
8563,-29
8564,-37
8565,-27
8566,-25
8567,-22
8568,-23
8569,-27
8570,-27
8571,-27
8572,-23
8573,-25
8574,-27
8575,-31
8576,-29
8577,-25
8578,-31
8579,-29
8580,-24
8581,-35
8582,-27
8583,-23
8584,-26
8585,-24
8586,-29
8587,-25
8588,-23
8589,-24
8590,-25
8591,-29
8592,-25
8593,-29
8594,-26
8595,-22
8596,-35
8597,-37
8598,-21
8599,-27
8600,-27
8601,-29
8602,-28
8603,-27
8604,-29
8605,-30
8606,-31
8607,-33
8608,-23
8609,-23
8610,-25
8611,-29
8612,-23
8613,-31
8614,-6
8615,-25
8616,-25
8617,-27
8618,-29
8619,-24
8620,-27
8621,-35
8622,-27
8623,-37
8624,-23
8625,-25
8626,-32
8627,-23
8628,-22
8629,-22
8630,-30
8631,-29
8632,-26
8633,-23
8634,-25
8635,-37
8636,-28
8637,-21
8638,-29
8639,-23
8640,-30
8641,-29
8642,-25
8643,-25
8644,-25
8645,-31
8646,-30
8647,-25
8648,-27
8649,-26
8650,-35
8651,-35
8652,-26
8653,-22
8654,-25
8655,-27
8656,-23
8657,-25
8658,-31
8659,-30
8660,-22
8661,-24
8662,-23
8663,-35
8664,-29
8665,-21
8666,-27
8667,-28
8668,-23
8669,-23
8670,-22
8671,-27
8672,-37
8673,-27
8674,-30
8675,-30
8676,-25
8677,-29
8678,-31
8679,-25
8680,-23
8681,-31
8682,-27
8683,-35
8684,-27
8685,-29
8686,-27
8687,-27
8688,-29
8689,-23
8690,-22
8691,-30
8692,-22
8693,-27
8694,-26
8695,-23
8696,-22
8697,-23
8698,-31
8699,-37
8700,-25
8701,-27
8702,-23
8703,-27
8704,-9
8705,-34
8706,-25
8707,-23
8708,-22
8709,-25
8710,-31
8711,-33
8712,-35
8713,-35
8714,-27
8715,-6
8716,-31
8717,-27
8718,-30
8719,-25
8720,-27
8721,-28
8722,-30
8723,-21
8724,-21
8725,-27
8726,-37
8727,-29
8728,-25
8729,-25
8730,-27
8731,-24
8732,-31
8733,-25
8734,-22
8735,-26
8736,-25
8737,-23
8738,-25
8739,-31
8740,-28
8741,-6
8742,-31
8743,-37
8744,-29
8745,-23
8746,-30
8747,-23
8748,-35
8749,-29
8750,-29
8751,-37
8752,-23
8753,-23
8754,-37
8755,-25
8756,-25
8757,-26
8758,-27
8759,-27
8760,-23
8761,-30
8762,-27
8763,-23
8764,-22
8765,-27
8766,-25
8767,-27
8768,-37
8769,-23
8770,-23
8771,-24
8772,-35
8773,-37
8774,-21
8775,-31
8776,-25
8777,-25
8778,-27
8779,-25
8780,-21
8781,-29
8782,-37
8783,-25
8784,-27
8785,-37
8786,-23
8787,-27
8788,-24
8789,-27
8790,-29
8791,-26
8792,-29
8793,-22
8794,-29
8795,-22
8796,-23
8797,-30
8798,-27
8799,-25
8800,-23
8801,-30
8802,-27
8803,-27
8804,-35
8805,-25
8806,-29
8807,-24
8808,-33
8809,-27
8810,-23
8811,-31
8812,-29
8813,-21
8814,-31
8815,-25
8816,-27
8817,-23
8818,-31
8819,-25
8820,-37
8821,-26
8822,-25
8823,-27
8824,-25
8825,-23
8826,-26
8827,-29
8828,-30
8829,-25
8830,-23
8831,-24
8832,-28
8833,-24
8834,-29
8835,-27
8836,-22
8837,-29
8838,-25
8839,-23
8840,-29
8841,-35
8842,-31
8843,-25
8844,-28
8845,-27
8846,-25
8847,-23
8848,-21
8849,-30
8850,-26
8851,-29
8852,-29
8853,-30
8854,-33
8855,-23
8856,-35
8857,-25
8858,-26
8859,-23
8860,-23
8861,-27
8862,-27
8863,-37
8864,-25
8865,-24
8866,-23
8867,-29
8868,-30
8869,-21
8870,-31
8871,-23
8872,-26
8873,-23
8874,-25
8875,-24
8876,-35
8877,-28
8878,-31
8879,-24
8880,-29
8881,-25
8882,-30
8883,-25
8884,-31
8885,-30
8886,-25
8887,-29
8888,-27
8889,-23
8890,-34
8891,-29
8892,-23
8893,-22
8894,-29
8895,-23
8896,-27
8897,-21
8898,-37
8899,-23
8900,-25
8901,-22
8902,-29
8903,-27
8904,-25
8905,-23
8906,-27
8907,-35
8908,-25
8909,-23
8910,-37
8911,-22
8912,-30
8913,-29
8914,-31
8915,-28
8916,-23
8917,-27
8918,-27
8919,-24
8920,-37
8921,-25
8922,-29
8923,-23
8924,-21
8925,-33
8926,-28
8927,-23
8928,-27
8929,-23
8930,-25
8931,-23
8932,-29
8933,-37
8934,-30
8935,-23
8936,-30
8937,-24
8938,-31
8939,-27
8940,-25
8941,-35
8942,-30
8943,-29
8944,-22
8945,-27
8946,-31
8947,-23
8948,-24
8949,-27
8950,-27
8951,-37
8952,-23
8953,-29
8954,-25
8955,-25
8956,-25
8957,-29
8958,-21
8959,-25
8960,-34
8961,-29
8962,-23
8963,-23
8964,-25
8965,-27
8966,-23
8967,-23
8968,-35
8969,-35
8970,-23
8971,-22
8972,-31
8973,-30
8974,-31
8975,-30
8976,-29
8977,-27
8978,-24
8979,-9
8980,-37
8981,-23
8982,-25
8983,-29
8984,-22
8985,-24
8986,-29
8987,-31
8988,-25
8989,-30
8990,-25
8991,-27
8992,-23
8993,-25
8994,-37
8995,-24
8996,-28
8997,-35
8998,-25
8999,-27
9000,-23
9001,-22
9002,-25
9003,-27
9004,-31
9005,-25
9006,-23
9007,-29
9008,-29
9009,-21
9010,-25
9011,-27
9012,-29
9013,-31
9014,-37
9015,-21
9016,-25
9017,-21
9018,-25
9019,-35
9020,-31
9021,-33
9022,-23
9023,-24
9024,-33
9025,-37
9026,-28
9027,-25
9028,-25
9029,-23
9030,-28
9031,-27
9032,-30
9033,-25
9034,-25
9035,-29
9036,-27
9037,-27
9038,-25
9039,-31
9040,-32
9041,-30
9042,-22
9043,-23
9044,-29
9045,-25
9046,-37
9047,-25
9048,-21
9049,-29
9050,-22
9051,-29
9052,-24
9053,-22
9054,-33
9055,-27
9056,-30
9057,-27
9058,-23
9059,-24
9060,-23
9061,-34
9062,-37
9063,-21
9064,-29
9065,-27
9066,-24
9067,-25
9068,-27
9069,-26
9070,-27
9071,-27
9072,-21
9073,-23
9074,-27
9075,-35
9076,-29
9077,-24
9078,-25
9079,-31
9080,-30
9081,-29
9082,-23
9083,-24
9084,-6
9085,-37
9086,-25
9087,-33
9088,-23
9089,-23
9090,-29
9091,-27
9092,-22
9093,-25
9094,-37
9095,-30
9096,-27
9097,-25
9098,-22
9099,-23
9100,-31
9101,-25
9102,-27
9103,-35
9104,-30
9105,-25
9106,-21
9107,-29
9108,-25
9109,-23
9110,-37
9111,-27
9112,-23
9113,-23
9114,-27
9115,-23
9116,-25
9117,-29
9118,-25
9119,-37
9120,-30
9121,-25
9122,-25
9123,-6
9124,-27
9125,-22
9126,-23
9127,-27
9128,-35
9129,-23
9130,-29
9131,-31
9132,-22
9133,-29
9134,-23
9135,-31
9136,-34
9137,-27
9138,-23
9139,-24
9140,-23
9141,-25
9142,-31
9143,-28
9144,-25
9145,-22
9146,-37
9147,-25
9148,-24
9149,-26
9150,-23
9151,-29
9152,-37
9153,-25
9154,-27
9155,-23
9156,-29
9157,-35
9158,-25
9159,-25
9160,-22
9161,-29
9162,-28
9163,-22
9164,-29
9165,-31
9166,-27
9167,-25
9168,-23
9169,-35
9170,-31
9171,-24
9172,-25
9173,-23
9174,-37
9175,-29
9176,-30
9177,-30
9178,-29
9179,-30
9180,-23
9181,-25
9182,-27
9183,-29
9184,-25
9185,-27
9186,-27
9187,-35
9188,-27
9189,-21
9190,-29
9191,-27
9192,-23
9193,-25
9194,-23
9195,-22
9196,-29
9197,-23
9198,-34
9199,-25
9200,-23
9201,-21
9202,-29
9203,-24
9204,-25
9205,-25
9206,-37
9207,-27
9208,-24
9209,-27
9210,-25
9211,-29
9212,-35
9213,-23
9214,-30
9215,-25
9216,-25
9217,-27
9218,-25
9219,-35
9220,-27
9221,-30
9222,-27
9223,-27
9224,-31
9225,-29
9226,-27
9227,-27
9228,-37
9229,-25
9230,-23
9231,-30
9232,-23
9233,-27
9234,-25
9235,-22
9236,-23
9237,-35
9238,-27
9239,-24
9240,-25
9241,-30
9242,-27
9243,-32
9244,-31
9245,-25
9246,-23
9247,-29
9248,-23
9249,-22
9250,-25
9251,-23
9252,-25
9253,-33
9254,-33
9255,-27
9256,-28
9257,-35
9258,-31
9259,-27
9260,-22
9261,-26
9262,-23
9263,-23
9264,-37
9265,-22
9266,-28
9267,-23
9268,-30
9269,-25
9270,-37
9271,-22
9272,-29
9273,-26
9274,-27
9275,-25
9276,-24
9277,-23
9278,-35
9279,-37
9280,-26
9281,-21
9282,-21
9283,-33
9284,-25
9285,-29
9286,-27
9287,-27
9288,-24
9289,-29
9290,-29
9291,-37
9292,-28
9293,-23
9294,-29
9295,-21
9296,-26
9297,-30
9298,-21
9299,-23
9300,-22
9301,-29
9302,-27
9303,-30
9304,-27
9305,-37
9306,-23
9307,-27
9308,-23
9309,-27
9310,-25
9311,-34
9312,-24
9313,-29
9314,-31
9315,-9
9316,-23
9317,-27
9318,-23
9319,-37
9320,-27
9321,-27
9322,-25
9323,-27
9324,-28
9325,-25
9326,-29
9327,-29
9328,-30
9329,-22
9330,-26
9331,-27
9332,-23
9333,-25
9334,-32
9335,-35
9336,-22
9337,-21
9338,-31
9339,-23
9340,-29
9341,-31
9342,-21
9343,-27
9344,-23
9345,-27
9346,-27
9347,-27
9348,-35
9349,-27
9350,-29
9351,-27
9352,-21
9353,-37
9354,-26
9355,-25
9356,-34
9357,-25
9358,-21
9359,-30
9360,-26
9361,-22
9362,-23
9363,-29
9364,-7
9365,-23
9366,-27
9367,-30
9368,-29
9369,-29
9370,-25
9371,-29
9372,-25
9373,-21
9374,-25
9375,-29
9376,-37
9377,-29
9378,-23
9379,-30
9380,-35
9381,-35
9382,-27
9383,-27
9384,-23
9385,-30
9386,-24
9387,-21
9388,-29
9389,-31
9390,-29
9391,-27
9392,-22
9393,-24
9394,-29
9395,-23
9396,-21
9397,-27
9398,-37
9399,-23
9400,-25
9401,-29
9402,-29
9403,-22
9404,-30
9405,-27
9406,-25
9407,-35
9408,-23
9409,-23
9410,-30
9411,-35
9412,-27
9413,-32
9414,-23
9415,-27
9416,-23
9417,-26
9418,-31
9419,-25
9420,-31
9421,-29
9422,-30
9423,-23
9424,-27
9425,-25
9426,-27
9427,-30
9428,-22
9429,-25
9430,-27
9431,-24
9432,-22
9433,-27
9434,-28
9435,-22
9436,-25
9437,-25
9438,-37
9439,-35
9440,-27
9441,-29
9442,-25
9443,-21
9444,-27
9445,-23
9446,-23
9447,-24
9448,-31
9449,-29
9450,-35
9451,-21
9452,-29
9453,-25
9454,-26
9455,-29
9456,-23
9457,-30
9458,-33
9459,-21
9460,-29
9461,-21
9462,-27
9463,-25
9464,-28
9465,-27
9466,-27
9467,-31
9468,-25
9469,-25
9470,-37
9471,-35
9472,-25
9473,-23
9474,-25
9475,-29
9476,-29
9477,-29
9478,-27
9479,-27
9480,-22
9481,-29
9482,-24
9483,-35
9484,-25
9485,-33
9486,-31
9487,-23
9488,-25
9489,-30
9490,-29
9491,-24
9492,-25
9493,-27
9494,-25
9495,-22
9496,-23
9497,-37
9498,-37
9499,-23
9500,-27
9501,-34
9502,-27
9503,-29
9504,-9
9505,-29
9506,-23
9507,-21
9508,-25
9509,-23
9510,-28
9511,-31
9512,-25
9513,-23
9514,-30
9515,-27
9516,-35
9517,-31
9518,-23
9519,-23
9520,-29
9521,-31
9522,-21
9523,-26
9524,-22
9525,-35
9526,-37
9527,-22
9528,-31
9529,-28
9530,-23
9531,-34
9532,-24
9533,-23
9534,-25
9535,-24
9536,-27
9537,-30
9538,-21
9539,-27
9540,-35
9541,-21
9542,-29
9543,-27
9544,-23
9545,-33
9546,-27
9547,-25
9548,-29
9549,-30
9550,-24
9551,-28
9552,-25
9553,-37
9554,-27
9555,-27
9556,-30
9557,-27
9558,-22
9559,-23
9560,-37
9561,-23
9562,-23
9563,-31
9564,-29
9565,-24
9566,-30
9567,-23
9568,-25
9569,-22
9570,-25
9571,-28
9572,-23
9573,-26
9574,-25
9575,-35
9576,-25
9577,-24
9578,-27
9579,-29
9580,-22
9581,-28
9582,-30
9583,-31
9584,-31
9585,-35
9586,-27
9587,-23
9588,-37
9589,-30
9590,-30
9591,-25
9592,-25
9593,-35
9594,-25
9595,-9
9596,-6
9597,-21
9598,-29
9599,-23
9600,-31
9601,-22
9602,-31
9603,-28
9604,-35
9605,-22
9606,-21
9607,-25
9608,-27
9609,-21
9610,-29
9611,-29
9612,-21
9613,-26
9614,-32
9615,-30
9616,-25
9617,-31
9618,-24
9619,-29
9620,-27
9621,-30
9622,-27
9623,-25
9624,-25
9625,-25
9626,-21
9627,-37
9628,-26
9629,-29
9630,-24
9631,-24
9632,-28
9633,-23
9634,-25
9635,-27
9636,-29
9637,-37
9638,-25
9639,-23
9640,-27
9641,-29
9642,-31
9643,-27
9644,-22
9645,-23
9646,-21
9647,-35
9648,-29
9649,-26
9650,-24
9651,-29
9652,-37
9653,-30
9654,-26
9655,-23
9656,-33
9657,-25
9658,-37
9659,-25
9660,-29
9661,-29
9662,-22
9663,-23
9664,-28
9665,-25
9666,-31
9667,-29
9668,-21
9669,-24
9670,-23
9671,-25
9672,-31
9673,-29
9674,-35
9675,-27
9676,-28
9677,-26
9678,-25
9679,-23
9680,-29
9681,-30
9682,-30
9683,-22
9684,-25
9685,-33
9686,-25
9687,-37
9688,-27
9689,-27
9690,-30
9691,-23
9692,-27
9693,-23
9694,-29
9695,-23
9696,-23
9697,-23
9698,-29
9699,-25
9700,-21
9701,-23
9702,-37
9703,-35
9704,-28
9705,-23
9706,-26
9707,-29
9708,-22
9709,-31
9710,-29
9711,-25
9712,-27
9713,-31
9714,-37
9715,-23
9716,-26
9717,-25
9718,-30
9719,-27
9720,-28
9721,-25
9722,-25
9723,-23
9724,-23
9725,-30
9726,-27
9727,-29
9728,-21
9729,-29
9730,-35
9731,-27
9732,-21
9733,-27
9734,-35
9735,-25
9736,-24
9737,-29
9738,-22
9739,-28
9740,-26
9741,-25
9742,-25
9743,-29
9744,-31
9745,-25
9746,-35
9747,-25
9748,-29
9749,-27
9750,-23
9751,-21
9752,-25
9753,-29
9754,-25
9755,-28
9756,-25
9757,-30
9758,-27
9759,-27
9760,-23
9761,-28
9762,-27
9763,-30
9764,-31
9765,-37
9766,-23
9767,-23
9768,-35
9769,-22
9770,-27
9771,-22
9772,-24
9773,-25
9774,-22
9775,-27
9776,-31
9777,-29
9778,-29
9779,-37
9780,-27
9781,-23
9782,-27
9783,-25
9784,-21
9785,-29
9786,-29
9787,-30
9788,-27
9789,-31
9790,-23
9791,-35
9792,-23
9793,-35
9794,-27
9795,-27
9796,-27
9797,-25
9798,-27
9799,-23
9800,-22
9801,-23
9802,-31
9803,-29
9804,-24
9805,-25
9806,-25
9807,-23
9808,-30
9809,-29
9810,-29
9811,-31
9812,-22
9813,-27
9814,-25
9815,-21
9816,-37
9817,-29
9818,-23
9819,-27
9820,-37
9821,-27
9822,-28
9823,-23
9824,-23
9825,-29
9826,-31
9827,-29
9828,-25
9829,-25
9830,-27
9831,-24
9832,-21
9833,-25
9834,-25
9835,-35
9836,-31
9837,-25
9838,-30
9839,-24
9840,-27
9841,-31
9842,-33
9843,-30
9844,-22
9845,-27
9846,-25
9847,-25
9848,-35
9849,-37
9850,-26
9851,-23
9852,-23
9853,-21
9854,-24
9855,-31
9856,-27
9857,-29
9858,-27
9859,-31
9860,-25
9861,-27
9862,-21
9863,-25
9864,-29
9865,-27
9866,-27
9867,-35
9868,-24
9869,-25
9870,-30
9871,-25
9872,-25
9873,-29
9874,-27
9875,-24
9876,-25
9877,-27
9878,-27
9879,-25
9880,-37
9881,-25
9882,-23
9883,-37
9884,-22
9885,-31
9886,-27
9887,-30
9888,-27
9889,-21
9890,-21
9891,-30
9892,-35
9893,-29
9894,-23
9895,-25
9896,-26
9897,-21
9898,-27
9899,-27
9900,-27
9901,-22
9902,-28
9903,-23
9904,-25
9905,-29
9906,-37
9907,-25
9908,-23
9909,-29
9910,-23
9911,-25
9912,-31
9913,-37
9914,-23
9915,-29
9916,-30
9917,-25
9918,-29
9919,-21
9920,-29
9921,-29
9922,-21
9923,-27
9924,-23
9925,-27
9926,-33
9927,-24
9928,-27
9929,-35
9930,-34
9931,-30
9932,-23
9933,-23
9934,-34
9935,-27
9936,-25
9937,-23
9938,-25
9939,-35
9940,-21
9941,-25
9942,-26
9943,-37
9944,-27
9945,-31
9946,-27
9947,-25
9948,-30
9949,-21
9950,-23
9951,-27
9952,-29
9953,-35
9954,-25
9955,-31
9956,-25
9957,-35
9958,-22
9959,-24
9960,-28
9961,-30
9962,-29
9963,-37
9964,-23
9965,-25
9966,-27
9967,-23
9968,-29
9969,-25
9970,-25
9971,-27
9972,-25
9973,-37
9974,-29
9975,-31
9976,-26
9977,-29
9978,-25
9979,-25
9980,-21
9981,-27
9982,-30
9983,-25
9984,-26
9985,-29
9986,-35
9987,-23
9988,-22
9989,-27
9990,-27
9991,-30
9992,-29
9993,-23
9994,-26
9995,-21
9996,-24
9997,-29
9998,-34
9999,-25
10000,-25
